[
{
    "model": "mailqueue.mailermessage",
    "pk": 1,
    "fields": {
        "created": "2022-07-19T04:58:10.673Z",
        "subject": "Dett user varification",
        "to_address": "aamir@tegain.com",
        "cc_address": "",
        "bcc_address": "info@tegain.com",
        "from_address": "info@tegain.com",
        "reply_to": "info@tegain.com",
        "content": "Dear customer, 6069 is your OTP from Dett. Don't share your OTP with anyone.",
        "html_content": "",
        "app": "dett",
        "sent": false,
        "last_attempt": "2022-07-19T04:58:10.677Z"
    }
},
{
    "model": "mailqueue.mailermessage",
    "pk": 2,
    "fields": {
        "created": "2022-07-19T05:06:34.354Z",
        "subject": "Dett user varification",
        "to_address": "aamir@tegain.com",
        "cc_address": "",
        "bcc_address": "info@tegain.com",
        "from_address": "info@tegain.com",
        "reply_to": "info@tegain.com",
        "content": "Dear customer, 2502 is your OTP from Dett. Don't share your OTP with anyone.",
        "html_content": "",
        "app": "dett",
        "sent": false,
        "last_attempt": "2022-07-19T05:06:34.358Z"
    }
},
{
    "model": "mailqueue.mailermessage",
    "pk": 3,
    "fields": {
        "created": "2022-07-19T05:32:15.199Z",
        "subject": "Dett user varification",
        "to_address": "aliramshid@gmail.com",
        "cc_address": "",
        "bcc_address": "info@tegain.com",
        "from_address": "info@tegain.com",
        "reply_to": "info@tegain.com",
        "content": "Dear customer, 8256 is your OTP from Dett. Don't share your OTP with anyone.",
        "html_content": "",
        "app": "dett",
        "sent": false,
        "last_attempt": "2022-07-19T05:32:15.202Z"
    }
},
{
    "model": "mailqueue.mailermessage",
    "pk": 4,
    "fields": {
        "created": "2022-07-19T05:58:16.091Z",
        "subject": "Dett user varification",
        "to_address": "aliramshid@gmail.com",
        "cc_address": "",
        "bcc_address": "developer.talrop@gmail.com",
        "from_address": "Dett <developer.talrop@gmail.com>",
        "reply_to": "developer.talrop@gmail.com",
        "content": "Dear customer, 2502 is your OTP from Dett. Don't share your OTP with anyone.",
        "html_content": "",
        "app": "dett",
        "sent": false,
        "last_attempt": "2022-07-19T05:58:16.098Z"
    }
},
{
    "model": "mailqueue.mailermessage",
    "pk": 5,
    "fields": {
        "created": "2022-07-20T04:59:59.422Z",
        "subject": "Dett user varification",
        "to_address": "aliramshid@gmail.com",
        "cc_address": "",
        "bcc_address": "info@tegain.com",
        "from_address": "info@tegain.com",
        "reply_to": "info@tegain.com",
        "content": "Dear customer, 9614 is your OTP from Dett. Don't share your OTP with anyone.",
        "html_content": "",
        "app": "dett",
        "sent": true,
        "last_attempt": "2022-07-20T04:59:59.430Z"
    }
},
{
    "model": "auth.group",
    "pk": 1,
    "fields": {
        "name": "administrator",
        "permissions": []
    }
},
{
    "model": "auth.group",
    "pk": 2,
    "fields": {
        "name": "staff",
        "permissions": []
    }
},
{
    "model": "auth.group",
    "pk": 3,
    "fields": {
        "name": "customer",
        "permissions": []
    }
},
{
    "model": "auth.group",
    "pk": 4,
    "fields": {
        "name": "vendor",
        "permissions": []
    }
},
{
    "model": "auth.group",
    "pk": 5,
    "fields": {
        "name": "distributor",
        "permissions": []
    }
},
{
    "model": "auth.group",
    "pk": 6,
    "fields": {
        "name": "customer_user",
        "permissions": []
    }
},
{
    "model": "auth.user",
    "pk": 1,
    "fields": {
        "password": "pbkdf2_sha256$260000$SfNJAU5m1NrDtFnaNErfcv$0TpGi+/wR7xUo81fMWqBMA3+wpWmIGKAKK3sTCQlAfM=",
        "last_login": "2022-07-27T08:42:47.624Z",
        "is_superuser": true,
        "username": "admin",
        "first_name": "",
        "last_name": "",
        "email": "",
        "is_staff": true,
        "is_active": true,
        "date_joined": "2022-03-14T12:10:27.098Z",
        "groups": [],
        "user_permissions": []
    }
},
{
    "model": "auth.user",
    "pk": 26,
    "fields": {
        "password": "pbkdf2_sha256$260000$ARlKOiqpBQphyV8R9byGK8$nF3d+8No9BowBoOYHw9UWol9aA5b3b1OGH00mwkorZM=",
        "last_login": null,
        "is_superuser": false,
        "username": "7034513604",
        "first_name": "",
        "last_name": "",
        "email": "",
        "is_staff": false,
        "is_active": true,
        "date_joined": "2022-07-21T12:36:38.925Z",
        "groups": [],
        "user_permissions": []
    }
},
{
    "model": "auth.user",
    "pk": 28,
    "fields": {
        "password": "pbkdf2_sha256$260000$VGZxKwkZXeJfeYEGtF9q5I$umkwTIwduAIa7B3e2SfjYyWL/M8BWGHOGQf2nk4Bk6o=",
        "last_login": "2022-07-21T13:17:52.121Z",
        "is_superuser": false,
        "username": "8848461110",
        "first_name": "",
        "last_name": "",
        "email": "",
        "is_staff": false,
        "is_active": true,
        "date_joined": "2022-07-21T13:17:51.316Z",
        "groups": [
            6
        ],
        "user_permissions": []
    }
},
{
    "model": "auth.user",
    "pk": 31,
    "fields": {
        "password": "pbkdf2_sha256$260000$xCrk4djUf5CWWj3H6NB00E$AogA5AVGjS30SGlA1AEu9WUk2l4QgJPqkdT2hjC6ow0=",
        "last_login": "2022-07-22T05:03:09.844Z",
        "is_superuser": false,
        "username": "8111820995",
        "first_name": "",
        "last_name": "",
        "email": "",
        "is_staff": false,
        "is_active": true,
        "date_joined": "2022-07-22T05:03:09.156Z",
        "groups": [
            6
        ],
        "user_permissions": []
    }
},
{
    "model": "auth.user",
    "pk": 32,
    "fields": {
        "password": "pbkdf2_sha256$260000$pfxZ7r41CZkZnKtU08vdtt$dtgtu6HCox3aCKt0zaDdmskHc7x/WsY2a8YK+UE904w=",
        "last_login": "2022-07-27T10:50:15.857Z",
        "is_superuser": false,
        "username": "9544334756",
        "first_name": "",
        "last_name": "",
        "email": "",
        "is_staff": false,
        "is_active": true,
        "date_joined": "2022-07-27T10:50:15.007Z",
        "groups": [
            6
        ],
        "user_permissions": []
    }
},
{
    "model": "products.productcategory",
    "pk": "02d0107d-95f9-42cb-95ba-5122f1f0e94b",
    "fields": {
        "auto_id": 10,
        "creator": 1,
        "updater": 1,
        "date_added": "2022-04-11T11:12:18.806Z",
        "date_updated": "2022-04-11T11:12:18.806Z",
        "is_deleted": true,
        "category_name": "Watch",
        "description": "Ladies watch",
        "category_image": "products/category/images/45325FBA-9019-4667-91CF-0A2756B46B79.jpeg"
    }
},
{
    "model": "products.productcategory",
    "pk": "1a0f9fc1-9ddd-4849-abe4-6794a896e08a",
    "fields": {
        "auto_id": 20,
        "creator": 1,
        "updater": 1,
        "date_added": "2022-06-08T07:09:06.255Z",
        "date_updated": "2022-06-08T07:09:06.255Z",
        "is_deleted": true,
        "category_name": "Earbuds",
        "description": "Remax TWS 18 true wireless stereo earbuds. Noise cancellation, ultra low power consumption.",
        "category_image": "products/category/images/SAVE_20220608_115734.jpg"
    }
},
{
    "model": "products.productcategory",
    "pk": "23126eb1-986e-402c-8532-860bbebbea56",
    "fields": {
        "auto_id": 6,
        "creator": 1,
        "updater": 1,
        "date_added": "2022-03-23T09:32:32.158Z",
        "date_updated": "2022-03-23T09:32:32.158Z",
        "is_deleted": true,
        "category_name": "Chocolates",
        "description": "choco bars",
        "category_image": "products/category/images/download_13.jpg"
    }
},
{
    "model": "products.productcategory",
    "pk": "278ec87a-85b2-40e9-b639-1a5eebab1123",
    "fields": {
        "auto_id": 8,
        "creator": 1,
        "updater": 1,
        "date_added": "2022-04-05T10:11:35.064Z",
        "date_updated": "2022-04-05T10:11:35.064Z",
        "is_deleted": true,
        "category_name": "Perfume",
        "description": "Perfume",
        "category_image": ""
    }
},
{
    "model": "products.productcategory",
    "pk": "2a901795-bd6e-4556-9403-cf14b15c2fce",
    "fields": {
        "auto_id": 12,
        "creator": 1,
        "updater": 1,
        "date_added": "2022-04-13T08:26:21.335Z",
        "date_updated": "2022-04-13T08:26:21.335Z",
        "is_deleted": true,
        "category_name": "Watch",
        "description": "Hand watche",
        "category_image": "products/category/images/A6EFBE2A-B13A-40DE-BC42-DDB874ED1509.jpeg"
    }
},
{
    "model": "products.productcategory",
    "pk": "2bca43a7-c8fe-4fbd-8435-165dfcc6bee8",
    "fields": {
        "auto_id": 4,
        "creator": 1,
        "updater": 1,
        "date_added": "2022-03-23T07:34:21.456Z",
        "date_updated": "2022-03-23T07:35:37.415Z",
        "is_deleted": true,
        "category_name": "Cakes",
        "description": "Nice Gifts",
        "category_image": "products/category/images/cake.jpg"
    }
},
{
    "model": "products.productcategory",
    "pk": "4487a348-d92d-4826-90e3-33a80d677b59",
    "fields": {
        "auto_id": 7,
        "creator": 1,
        "updater": 1,
        "date_added": "2022-03-31T07:06:55.045Z",
        "date_updated": "2022-03-31T07:06:55.045Z",
        "is_deleted": true,
        "category_name": "Bag",
        "description": "Form leather handbag",
        "category_image": "products/category/images/IMG-20220331-WA0024.jpg"
    }
},
{
    "model": "products.productcategory",
    "pk": "5a9a5517-3200-47bb-bdfd-981655c98a42",
    "fields": {
        "auto_id": 3,
        "creator": 1,
        "updater": 1,
        "date_added": "2022-03-23T07:26:49.849Z",
        "date_updated": "2022-03-23T07:35:06.893Z",
        "is_deleted": true,
        "category_name": "Glass Type",
        "description": "more products",
        "category_image": "products/category/images/bday.webp"
    }
},
{
    "model": "products.productcategory",
    "pk": "5c01d423-a781-43cb-8638-fc0c47736fef",
    "fields": {
        "auto_id": 13,
        "creator": 1,
        "updater": 1,
        "date_added": "2022-04-13T09:06:58.760Z",
        "date_updated": "2022-04-13T09:06:58.760Z",
        "is_deleted": true,
        "category_name": "Watch",
        "description": "Watch",
        "category_image": "products/category/images/6B866E74-D224-4DF5-B4DB-1438EF662F69.jpeg"
    }
},
{
    "model": "products.productcategory",
    "pk": "5e10c6fd-1021-4bf6-a070-cdb3836fb84f",
    "fields": {
        "auto_id": 21,
        "creator": 1,
        "updater": 1,
        "date_added": "2022-06-23T05:12:00.916Z",
        "date_updated": "2022-06-23T05:12:00.916Z",
        "is_deleted": true,
        "category_name": "Speaker",
        "description": "Hapi pola grenade wireless speaker",
        "category_image": "products/category/images/SAVE_20220623_103800.jpg"
    }
},
{
    "model": "products.productcategory",
    "pk": "6bc15e80-febf-4bf5-b403-b86356105a67",
    "fields": {
        "auto_id": 18,
        "creator": 1,
        "updater": 1,
        "date_added": "2022-05-03T08:03:32.379Z",
        "date_updated": "2022-05-03T08:03:32.379Z",
        "is_deleted": false,
        "category_name": "Lenovo",
        "description": "Leather Bag",
        "category_image": "products/category/images/IMG_20220503_131935.jpg"
    }
},
{
    "model": "products.productcategory",
    "pk": "74fc90ef-9675-481f-b14b-f5b099e5c651",
    "fields": {
        "auto_id": 15,
        "creator": 1,
        "updater": 1,
        "date_added": "2022-04-25T10:52:28.898Z",
        "date_updated": "2022-04-25T10:59:33.629Z",
        "is_deleted": false,
        "category_name": "Bag",
        "description": "good",
        "category_image": "products/category/images/-1117Wx1400H-460754561-grey-MODEL.jpeg"
    }
},
{
    "model": "products.productcategory",
    "pk": "818d6a23-b62d-441e-a666-e70b8c2990ad",
    "fields": {
        "auto_id": 19,
        "creator": 1,
        "updater": 1,
        "date_added": "2022-05-20T06:01:19.010Z",
        "date_updated": "2022-05-20T06:01:19.010Z",
        "is_deleted": false,
        "category_name": "Headset",
        "description": "Jbl live 100 bt Bluetooth headset",
        "category_image": "products/category/images/IMG-20220427-WA0038.jpg"
    }
},
{
    "model": "products.productcategory",
    "pk": "85112b4b-0654-41d3-ab86-ae658695df5f",
    "fields": {
        "auto_id": 9,
        "creator": 1,
        "updater": 1,
        "date_added": "2022-04-06T05:41:20.800Z",
        "date_updated": "2022-04-06T05:41:20.800Z",
        "is_deleted": true,
        "category_name": "Foot",
        "description": "Good",
        "category_image": "products/category/images/Screenshot_2022-04-06-10-48-09-333_com.android.chrome.jpg"
    }
},
{
    "model": "products.productcategory",
    "pk": "8d378b24-3ae8-48b2-881b-d03c656bd491",
    "fields": {
        "auto_id": 14,
        "creator": 1,
        "updater": 1,
        "date_added": "2022-04-19T05:23:06.282Z",
        "date_updated": "2022-04-19T05:23:06.282Z",
        "is_deleted": true,
        "category_name": "Calligraphy",
        "description": "artistic, stylized, or elegant handwriting or lettering",
        "category_image": "products/category/images/IMG_20220419_105248.jpg"
    }
},
{
    "model": "products.productcategory",
    "pk": "95d249ab-86b2-415a-bff0-75aa78b81bb4",
    "fields": {
        "auto_id": 11,
        "creator": 1,
        "updater": 1,
        "date_added": "2022-04-12T05:11:41.853Z",
        "date_updated": "2022-04-12T05:11:41.853Z",
        "is_deleted": false,
        "category_name": "Toy",
        "description": "Good",
        "category_image": "products/category/images/IMG_20220412_104118.jpg"
    }
},
{
    "model": "products.productcategory",
    "pk": "c4b43351-c8b9-4c15-98a9-d12a65d0e6a3",
    "fields": {
        "auto_id": 1,
        "creator": 1,
        "updater": 1,
        "date_added": "2022-03-23T05:56:41.018Z",
        "date_updated": "2022-03-23T05:56:41.018Z",
        "is_deleted": true,
        "category_name": "Shoes",
        "description": "Shoes",
        "category_image": ""
    }
},
{
    "model": "products.productcategory",
    "pk": "ccf92861-6d68-4ddf-973d-3109790722db",
    "fields": {
        "auto_id": 17,
        "creator": 1,
        "updater": 1,
        "date_added": "2022-05-03T07:19:37.160Z",
        "date_updated": "2022-05-03T07:25:03.034Z",
        "is_deleted": true,
        "category_name": "Dairy Milk",
        "description": "Cadbury Dairy Milk is a British brand of milk chocolate manufactured by Cadbury.",
        "category_image": "products/category/images/IMG_20220503_125440.jpg"
    }
},
{
    "model": "products.productcategory",
    "pk": "d40d5d02-6116-4720-b4a1-95e1e5f6bc7c",
    "fields": {
        "auto_id": 2,
        "creator": 1,
        "updater": 1,
        "date_added": "2022-03-23T06:44:14.614Z",
        "date_updated": "2022-03-23T06:44:14.614Z",
        "is_deleted": true,
        "category_name": "Wedding Gift",
        "description": "You are every reason, every hope and every dream I've ever had.”",
        "category_image": "products/category/images/wedding.jpg"
    }
},
{
    "model": "products.productcategory",
    "pk": "d9d5db34-5225-41cd-a280-178015110ead",
    "fields": {
        "auto_id": 22,
        "creator": 1,
        "updater": 1,
        "date_added": "2022-06-23T05:27:43.491Z",
        "date_updated": "2022-06-23T05:27:43.491Z",
        "is_deleted": false,
        "category_name": "Earbuds",
        "description": "Conekt power bank Zeal Proton 10000 mAh",
        "category_image": "products/category/images/SAVE_20220623_105355.jpg"
    }
},
{
    "model": "products.productcategory",
    "pk": "ee4924b0-8a8f-4492-a333-9c5a29801b12",
    "fields": {
        "auto_id": 5,
        "creator": 1,
        "updater": 1,
        "date_added": "2022-03-23T09:30:30.218Z",
        "date_updated": "2022-03-23T09:30:30.218Z",
        "is_deleted": true,
        "category_name": "Sweets",
        "description": "Sweet",
        "category_image": ""
    }
},
{
    "model": "products.productcategory",
    "pk": "ffa1234a-e2d3-407b-b224-970d55df241b",
    "fields": {
        "auto_id": 16,
        "creator": 1,
        "updater": 1,
        "date_added": "2022-04-26T07:10:59.985Z",
        "date_updated": "2022-04-26T07:10:59.985Z",
        "is_deleted": true,
        "category_name": "Wallet",
        "description": "wallet is a flat case or pouch that can be used to carry such small personal items as paper currency, credit cards, and identification documents",
        "category_image": "products/category/images/IMG-20220426-WA0021.jpg"
    }
},
{
    "model": "products.gstcodes",
    "pk": "0eb6a30a-de07-4131-b5c6-e52ae166906f",
    "fields": {
        "auto_id": 17,
        "creator": 1,
        "updater": 1,
        "date_added": "2022-06-08T07:06:17.774Z",
        "date_updated": "2022-06-08T07:06:17.774Z",
        "is_deleted": false,
        "type": "hsn",
        "code": "8518",
        "igst_rate": "18.00",
        "sgst_rate": "9.00",
        "cgst_rate": "9.00"
    }
},
{
    "model": "products.gstcodes",
    "pk": "349ce405-8780-429b-ae85-ab1b274c7f56",
    "fields": {
        "auto_id": 3,
        "creator": 1,
        "updater": 1,
        "date_added": "2022-03-23T08:17:39.494Z",
        "date_updated": "2022-04-18T11:03:06.423Z",
        "is_deleted": true,
        "type": "hsn",
        "code": "11111",
        "igst_rate": "1.00",
        "sgst_rate": "1.00",
        "cgst_rate": "1.00"
    }
},
{
    "model": "products.gstcodes",
    "pk": "398109d1-df64-486b-a162-7661f0b22139",
    "fields": {
        "auto_id": 5,
        "creator": 1,
        "updater": 1,
        "date_added": "2022-03-31T07:05:49.268Z",
        "date_updated": "2022-03-31T07:06:07.964Z",
        "is_deleted": true,
        "type": "hsn",
        "code": "42022230",
        "igst_rate": "12.00",
        "sgst_rate": "6.00",
        "cgst_rate": "6.00"
    }
},
{
    "model": "products.gstcodes",
    "pk": "624710c3-08f2-4384-9e1d-e8dfcb5beb74",
    "fields": {
        "auto_id": 11,
        "creator": 1,
        "updater": 1,
        "date_added": "2022-04-19T05:18:42.882Z",
        "date_updated": "2022-04-19T05:18:42.882Z",
        "is_deleted": true,
        "type": "sac",
        "code": "96089130",
        "igst_rate": "28.00",
        "sgst_rate": "9.00",
        "cgst_rate": "9.00"
    }
},
{
    "model": "products.gstcodes",
    "pk": "674be968-16f4-4fc1-8b3a-21781fc53166",
    "fields": {
        "auto_id": 19,
        "creator": 1,
        "updater": 1,
        "date_added": "2022-06-23T05:26:59.339Z",
        "date_updated": "2022-06-23T05:26:59.339Z",
        "is_deleted": false,
        "type": "hsn",
        "code": "851830",
        "igst_rate": "18.00",
        "sgst_rate": "9.00",
        "cgst_rate": "9.00"
    }
},
{
    "model": "products.gstcodes",
    "pk": "7d6b28f5-76ae-496d-baaa-322a79b09d62",
    "fields": {
        "auto_id": 1,
        "creator": 1,
        "updater": 1,
        "date_added": "2022-03-23T06:03:25.152Z",
        "date_updated": "2022-04-18T11:02:30.651Z",
        "is_deleted": true,
        "type": "hsn",
        "code": "6402",
        "igst_rate": "1.00",
        "sgst_rate": "1.00",
        "cgst_rate": "1.00"
    }
},
{
    "model": "products.gstcodes",
    "pk": "7fa66d2c-feac-4133-a786-b249c66b4439",
    "fields": {
        "auto_id": 16,
        "creator": 1,
        "updater": 1,
        "date_added": "2022-05-20T05:52:58.088Z",
        "date_updated": "2022-05-20T05:52:58.088Z",
        "is_deleted": false,
        "type": "hsn",
        "code": "85183000",
        "igst_rate": "18.00",
        "sgst_rate": "9.00",
        "cgst_rate": "9.00"
    }
},
{
    "model": "products.gstcodes",
    "pk": "8234fb90-8457-4e5d-9e8f-550dd272c7c9",
    "fields": {
        "auto_id": 20,
        "creator": 1,
        "updater": 1,
        "date_added": "2022-07-27T08:44:55.292Z",
        "date_updated": "2022-07-27T08:44:55.292Z",
        "is_deleted": false,
        "type": "hsn",
        "code": "1",
        "igst_rate": "18.00",
        "sgst_rate": "9.00",
        "cgst_rate": "9.00"
    }
},
{
    "model": "products.gstcodes",
    "pk": "937633e5-ed9a-4962-858e-c0030f23f004",
    "fields": {
        "auto_id": 9,
        "creator": 1,
        "updater": 1,
        "date_added": "2022-04-11T11:11:14.684Z",
        "date_updated": "2022-04-11T11:11:14.684Z",
        "is_deleted": true,
        "type": "hsn",
        "code": "91021100",
        "igst_rate": "18.00",
        "sgst_rate": "9.00",
        "cgst_rate": "9.00"
    }
},
{
    "model": "products.gstcodes",
    "pk": "9492908c-28eb-4563-a216-269e658f3b0a",
    "fields": {
        "auto_id": 2,
        "creator": 1,
        "updater": 1,
        "date_added": "2022-03-23T06:41:34.127Z",
        "date_updated": "2022-04-25T10:58:05.330Z",
        "is_deleted": true,
        "type": "hsn",
        "code": "00000",
        "igst_rate": "1.00",
        "sgst_rate": "1.00",
        "cgst_rate": "1.00"
    }
},
{
    "model": "products.gstcodes",
    "pk": "ab6388ed-76b0-4680-8288-9ff65e15b8f1",
    "fields": {
        "auto_id": 6,
        "creator": 1,
        "updater": 1,
        "date_added": "2022-04-05T10:09:15.996Z",
        "date_updated": "2022-04-18T11:02:47.285Z",
        "is_deleted": true,
        "type": "hsn",
        "code": "33030050",
        "igst_rate": "18.00",
        "sgst_rate": "1.00",
        "cgst_rate": "1.00"
    }
},
{
    "model": "products.gstcodes",
    "pk": "bb9925f5-a34d-44a2-a7a9-d99bddfc5b5c",
    "fields": {
        "auto_id": 8,
        "creator": 1,
        "updater": 1,
        "date_added": "2022-04-06T05:40:16.869Z",
        "date_updated": "2022-04-06T05:40:16.869Z",
        "is_deleted": true,
        "type": "hsn",
        "code": "123456",
        "igst_rate": "18.00",
        "sgst_rate": "9.00",
        "cgst_rate": "9.00"
    }
},
{
    "model": "products.gstcodes",
    "pk": "bc71faa1-ad8e-4a54-bf4e-5224e3874eed",
    "fields": {
        "auto_id": 7,
        "creator": 1,
        "updater": 1,
        "date_added": "2022-04-06T04:59:12.739Z",
        "date_updated": "2022-04-06T10:05:27.910Z",
        "is_deleted": true,
        "type": "hsn",
        "code": "1806",
        "igst_rate": "11.00",
        "sgst_rate": "23.00",
        "cgst_rate": "18.00"
    }
},
{
    "model": "products.gstcodes",
    "pk": "cbf54b81-2802-4310-bc5b-574b0c368910",
    "fields": {
        "auto_id": 18,
        "creator": 1,
        "updater": 1,
        "date_added": "2022-06-23T05:11:11.278Z",
        "date_updated": "2022-06-23T05:11:11.278Z",
        "is_deleted": false,
        "type": "hsn",
        "code": "85182900",
        "igst_rate": "18.00",
        "sgst_rate": "9.00",
        "cgst_rate": "9.00"
    }
},
{
    "model": "products.gstcodes",
    "pk": "ccbd7f2d-5837-46f6-b247-a1c7f22c136d",
    "fields": {
        "auto_id": 12,
        "creator": 1,
        "updater": 1,
        "date_added": "2022-04-19T05:34:28.390Z",
        "date_updated": "2022-04-25T10:59:49.501Z",
        "is_deleted": true,
        "type": "hsn",
        "code": "96089130",
        "igst_rate": "2.00",
        "sgst_rate": "1.00",
        "cgst_rate": "1.00"
    }
},
{
    "model": "products.gstcodes",
    "pk": "cd5dfc4c-5ba5-4e4d-bebc-a6c2f3c4f33b",
    "fields": {
        "auto_id": 15,
        "creator": 1,
        "updater": 1,
        "date_added": "2022-05-03T07:50:42.085Z",
        "date_updated": "2022-05-03T07:50:42.085Z",
        "is_deleted": true,
        "type": "hsn",
        "code": "4202",
        "igst_rate": "12.00",
        "sgst_rate": "6.00",
        "cgst_rate": "6.00"
    }
},
{
    "model": "products.gstcodes",
    "pk": "d01e1aca-7efa-4a56-a0b0-c9c224881e0e",
    "fields": {
        "auto_id": 14,
        "creator": 1,
        "updater": 1,
        "date_added": "2022-05-03T06:48:47.560Z",
        "date_updated": "2022-05-03T06:48:47.560Z",
        "is_deleted": true,
        "type": "hsn",
        "code": "18063200",
        "igst_rate": "18.00",
        "sgst_rate": "9.00",
        "cgst_rate": "9.00"
    }
},
{
    "model": "products.gstcodes",
    "pk": "ea205f73-2029-4d2e-9228-eacf5b75026b",
    "fields": {
        "auto_id": 4,
        "creator": 1,
        "updater": 1,
        "date_added": "2022-03-23T12:36:27.922Z",
        "date_updated": "2022-04-18T11:02:38.849Z",
        "is_deleted": true,
        "type": "hsn",
        "code": "6320",
        "igst_rate": "1.00",
        "sgst_rate": "1.00",
        "cgst_rate": "1.00"
    }
},
{
    "model": "products.gstcodes",
    "pk": "ee6aeb94-f57d-4c5e-bd67-d44b4a3db8b2",
    "fields": {
        "auto_id": 10,
        "creator": 1,
        "updater": 1,
        "date_added": "2022-04-12T05:09:02.783Z",
        "date_updated": "2022-04-12T05:09:02.783Z",
        "is_deleted": true,
        "type": "hsn",
        "code": "4202",
        "igst_rate": "12.00",
        "sgst_rate": "6.00",
        "cgst_rate": "6.00"
    }
},
{
    "model": "products.gstcodes",
    "pk": "f99cd731-9b09-41b0-a9a6-e883014c8b7f",
    "fields": {
        "auto_id": 13,
        "creator": 1,
        "updater": 1,
        "date_added": "2022-04-26T07:08:29.101Z",
        "date_updated": "2022-04-26T07:08:29.101Z",
        "is_deleted": true,
        "type": "hsn",
        "code": "42023120",
        "igst_rate": "12.00",
        "sgst_rate": "6.00",
        "cgst_rate": "6.00"
    }
},
{
    "model": "products.product",
    "pk": "07fcecf7-f4fc-41dd-9e1b-78b9784a8224",
    "fields": {
        "auto_id": 9,
        "creator": 1,
        "updater": 1,
        "date_added": "2022-03-23T12:33:05.211Z",
        "date_updated": "2022-04-20T09:50:50.880Z",
        "is_deleted": true,
        "product_category": "d40d5d02-6116-4720-b4a1-95e1e5f6bc7c",
        "name": "wine",
        "feautured_image": "products/images/download_24.jpg",
        "product_description": "The use of wine tasting descriptors allows the taster to qualitatively relate the aromas and flavors that the taster experiences and can be used in assessing the overall quality of wine.",
        "meta_description": "sweet",
        "gst_code": "9492908c-28eb-4563-a216-269e658f3b0a"
    }
},
{
    "model": "products.product",
    "pk": "155eb810-e258-48c4-8859-0ece80386f28",
    "fields": {
        "auto_id": 28,
        "creator": 1,
        "updater": 1,
        "date_added": "2022-07-27T08:44:55.306Z",
        "date_updated": "2022-07-27T08:44:55.306Z",
        "is_deleted": false,
        "product_category": "818d6a23-b62d-441e-a666-e70b8c2990ad",
        "name": "test",
        "feautured_image": "products/images/test2.png",
        "product_description": "ygygy",
        "meta_description": "testtst",
        "gst_code": "8234fb90-8457-4e5d-9e8f-550dd272c7c9"
    }
},
{
    "model": "products.product",
    "pk": "17d76b91-bb0f-4dd5-b1eb-4d21bc61f973",
    "fields": {
        "auto_id": 25,
        "creator": 1,
        "updater": 1,
        "date_added": "2022-06-08T07:17:21.465Z",
        "date_updated": "2022-06-08T07:17:21.465Z",
        "is_deleted": false,
        "product_category": "1a0f9fc1-9ddd-4849-abe4-6794a896e08a",
        "name": "Stereo Earbuds",
        "feautured_image": "products/images/SAVE_20220608_115734.jpg",
        "product_description": "Smart noise reduction, noise cancellation, ultra low power consumption, up to 3 hours talk time.",
        "meta_description": "Remax TWS 18 ture wireless stereo earbuds.",
        "gst_code": "0eb6a30a-de07-4131-b5c6-e52ae166906f"
    }
},
{
    "model": "products.product",
    "pk": "359ec5ee-a469-4b82-9ae2-e923050bed24",
    "fields": {
        "auto_id": 19,
        "creator": 1,
        "updater": 1,
        "date_added": "2022-04-19T05:34:28.393Z",
        "date_updated": "2022-04-25T11:01:21.802Z",
        "is_deleted": true,
        "product_category": "8d378b24-3ae8-48b2-881b-d03c656bd491",
        "name": "Calligraphy Paper",
        "feautured_image": "products/images/IMG_20220419_110306.jpg",
        "product_description": "Daler-Rowney Calligraphy Paper is a high-quality parchment-style paper.",
        "meta_description": "Calligraphy (from Greek: καλλιγραφία) is a visual art related to writing",
        "gst_code": "ccbd7f2d-5837-46f6-b247-a1c7f22c136d"
    }
},
{
    "model": "products.product",
    "pk": "39f9846d-b558-431b-9b9e-47dcbe14a639",
    "fields": {
        "auto_id": 17,
        "creator": 1,
        "updater": 1,
        "date_added": "2022-04-12T05:15:49.011Z",
        "date_updated": "2022-05-18T05:52:07.223Z",
        "is_deleted": true,
        "product_category": "95d249ab-86b2-415a-bff0-75aa78b81bb4",
        "name": "Toy Camera",
        "feautured_image": "products/images/IMG_20220412_104451.jpg",
        "product_description": "Spark your little ones imagination with these fun handcrafted wooden cameras, handmade with natural wood and finished with non toxic paints.",
        "meta_description": "Handmade Eco friendly",
        "gst_code": "ee6aeb94-f57d-4c5e-bd67-d44b4a3db8b2"
    }
},
{
    "model": "products.product",
    "pk": "3f896f39-2cdb-46f0-9d3e-8d1869d2b412",
    "fields": {
        "auto_id": 16,
        "creator": 1,
        "updater": 1,
        "date_added": "2022-04-06T06:22:43.963Z",
        "date_updated": "2022-04-06T06:22:43.963Z",
        "is_deleted": true,
        "product_category": "2bca43a7-c8fe-4fbd-8435-165dfcc6bee8",
        "name": "Red velvet cake",
        "feautured_image": "products/images/images_7.jpg",
        "product_description": "Layered cake with cream cheese",
        "meta_description": "Layered cake",
        "gst_code": "bc71faa1-ad8e-4a54-bf4e-5224e3874eed"
    }
},
{
    "model": "products.product",
    "pk": "4a445ab6-47fd-4f8d-9ac0-24b23e4528f2",
    "fields": {
        "auto_id": 11,
        "creator": 1,
        "updater": 1,
        "date_added": "2022-03-31T07:10:54.821Z",
        "date_updated": "2022-03-31T07:10:54.821Z",
        "is_deleted": true,
        "product_category": "4487a348-d92d-4826-90e3-33a80d677b59",
        "name": "Hand Bag",
        "feautured_image": "products/images/IMG-20220331-WA0024.jpg",
        "product_description": "Form leather bag",
        "meta_description": "Black hand bag",
        "gst_code": "398109d1-df64-486b-a162-7661f0b22139"
    }
},
{
    "model": "products.product",
    "pk": "4e3947b8-30b9-4490-b4b0-846cda9749b6",
    "fields": {
        "auto_id": 4,
        "creator": 1,
        "updater": 1,
        "date_added": "2022-03-23T08:17:39.499Z",
        "date_updated": "2022-04-20T09:48:25.538Z",
        "is_deleted": true,
        "product_category": "2bca43a7-c8fe-4fbd-8435-165dfcc6bee8",
        "name": "Choclate cake",
        "feautured_image": "products/images/ck.webp",
        "product_description": "The products being sold in the bakery will be various desserts, cakes, breads and beverages. They will all be unique, and like nothing anyone's seen before.",
        "meta_description": "yummy",
        "gst_code": "9492908c-28eb-4563-a216-269e658f3b0a"
    }
},
{
    "model": "products.product",
    "pk": "503baf3e-bbae-4c81-bc6c-07dfa220f6ef",
    "fields": {
        "auto_id": 13,
        "creator": 1,
        "updater": 1,
        "date_added": "2022-04-05T10:13:53.760Z",
        "date_updated": "2022-04-25T11:04:44.535Z",
        "is_deleted": true,
        "product_category": "278ec87a-85b2-40e9-b639-1a5eebab1123",
        "name": "Davidoff cool water",
        "feautured_image": "products/images/perfume.jpg",
        "product_description": "Davidoff Men Cool Water Body Spray 150ml",
        "meta_description": "Perfume",
        "gst_code": "ab6388ed-76b0-4680-8288-9ff65e15b8f1"
    }
},
{
    "model": "products.product",
    "pk": "55795658-22cc-457b-872f-e61eeaba78b9",
    "fields": {
        "auto_id": 27,
        "creator": 1,
        "updater": 1,
        "date_added": "2022-06-23T05:30:21.514Z",
        "date_updated": "2022-06-23T05:30:21.514Z",
        "is_deleted": false,
        "product_category": "1a0f9fc1-9ddd-4849-abe4-6794a896e08a",
        "name": "Conekt Earbuds",
        "feautured_image": "products/images/SAVE_20220623_105355.jpg",
        "product_description": "Conekt power bank Zeal Proton 100000 mAh",
        "meta_description": "earphones stay put by resting inside the ear or by being inserted slightly into the ear canal or with hooks that wrap around the ear.",
        "gst_code": "674be968-16f4-4fc1-8b3a-21781fc53166"
    }
},
{
    "model": "products.product",
    "pk": "5da6044d-ef3f-4d7c-94ef-6c1fd83a1b24",
    "fields": {
        "auto_id": 6,
        "creator": 1,
        "updater": 1,
        "date_added": "2022-03-23T08:31:15.213Z",
        "date_updated": "2022-03-23T10:41:39.073Z",
        "is_deleted": true,
        "product_category": "d40d5d02-6116-4720-b4a1-95e1e5f6bc7c",
        "name": "Teddy Bear",
        "feautured_image": "products/images/teddy.webp",
        "product_description": "Katie utilises her architectural training to inform her design process and aesthetic. Traditional construction techniques, supple leathers and clean geometric design intersect to produce beautiful and luxurious shoes for every occasion.",
        "meta_description": "packing charges inclided",
        "gst_code": "9492908c-28eb-4563-a216-269e658f3b0a"
    }
},
{
    "model": "products.product",
    "pk": "73d87d00-7d4b-4590-a7fb-2da8cb5fb047",
    "fields": {
        "auto_id": 8,
        "creator": 1,
        "updater": 1,
        "date_added": "2022-03-23T12:27:22.988Z",
        "date_updated": "2022-03-23T12:27:22.988Z",
        "is_deleted": true,
        "product_category": "d40d5d02-6116-4720-b4a1-95e1e5f6bc7c",
        "name": "Frame",
        "feautured_image": "products/images/frame.webp",
        "product_description": "waw",
        "meta_description": "sweet",
        "gst_code": "349ce405-8780-429b-ae85-ab1b274c7f56"
    }
},
{
    "model": "products.product",
    "pk": "942ad635-cc83-47fe-9bb3-4a98e9b377f6",
    "fields": {
        "auto_id": 26,
        "creator": 1,
        "updater": 1,
        "date_added": "2022-06-23T05:15:52.957Z",
        "date_updated": "2022-06-23T05:15:52.957Z",
        "is_deleted": false,
        "product_category": "5e10c6fd-1021-4bf6-a070-cdb3836fb84f",
        "name": "Bluetooth speaker",
        "feautured_image": "products/images/SAVE_20220623_103800.jpg",
        "product_description": "An amplifier and loudspeaker with Bluetooth wireless connectivity that is paired (pre-associated) with one or more smartphones, tablets, iPods or computers.",
        "meta_description": "Hapi pola grenade wireless speaker",
        "gst_code": "cbf54b81-2802-4310-bc5b-574b0c368910"
    }
},
{
    "model": "products.product",
    "pk": "9593de0b-ecde-4832-9872-ad5848e6d1fa",
    "fields": {
        "auto_id": 12,
        "creator": 1,
        "updater": 1,
        "date_added": "2022-04-01T12:21:33.533Z",
        "date_updated": "2022-04-01T12:21:33.533Z",
        "is_deleted": true,
        "product_category": "4487a348-d92d-4826-90e3-33a80d677b59",
        "name": "Hand Bag",
        "feautured_image": "products/images/IMG-20220331-WA0024_ok1Inlw.jpg",
        "product_description": "Form leather bag",
        "meta_description": "Good",
        "gst_code": "398109d1-df64-486b-a162-7661f0b22139"
    }
},
{
    "model": "products.product",
    "pk": "9ee7f602-27c4-4c85-81f4-fd51b5257730",
    "fields": {
        "auto_id": 10,
        "creator": 1,
        "updater": 1,
        "date_added": "2022-03-23T12:36:27.925Z",
        "date_updated": "2022-04-20T09:49:14.473Z",
        "is_deleted": true,
        "product_category": "2bca43a7-c8fe-4fbd-8435-165dfcc6bee8",
        "name": "Black Forest",
        "feautured_image": "products/images/download_14.jpg",
        "product_description": "The products being sold in the bakery will be various desserts, cakes, breads and beverages. They will all be unique, and like nothing anyone's seen before.",
        "meta_description": "wedding cake",
        "gst_code": "ea205f73-2029-4d2e-9228-eacf5b75026b"
    }
},
{
    "model": "products.product",
    "pk": "a6161153-5dcf-432b-b8a8-5e26e4dcecd1",
    "fields": {
        "auto_id": 14,
        "creator": 1,
        "updater": 1,
        "date_added": "2022-04-06T04:59:12.743Z",
        "date_updated": "2022-04-20T09:53:29.559Z",
        "is_deleted": true,
        "product_category": "23126eb1-986e-402c-8532-860bbebbea56",
        "name": "Ferrero Rocher",
        "feautured_image": "products/images/download_16.jpg",
        "product_description": "Ferrero Rocher Premium Chocolates.A unique taste experience of contrasting layers: a whole crunchy hazelnut in the heart, a delicious creamy hazelnut filling, a crisp wafer shell covered with chocolate and gently roasted pieces.",
        "meta_description": "sweet",
        "gst_code": "bc71faa1-ad8e-4a54-bf4e-5224e3874eed"
    }
},
{
    "model": "products.product",
    "pk": "b914b6ef-da8a-42ac-8360-2ab7725e24ed",
    "fields": {
        "auto_id": 18,
        "creator": 1,
        "updater": 1,
        "date_added": "2022-04-13T10:07:41.086Z",
        "date_updated": "2022-04-13T10:07:41.086Z",
        "is_deleted": true,
        "product_category": "5c01d423-a781-43cb-8638-fc0c47736fef",
        "name": "Watch",
        "feautured_image": "products/images/1805QM01_1.webp",
        "product_description": "watch for men",
        "meta_description": "Mens watch",
        "gst_code": "937633e5-ed9a-4962-858e-c0030f23f004"
    }
},
{
    "model": "products.product",
    "pk": "bca38313-a5ab-45c8-95a0-8603df19c12e",
    "fields": {
        "auto_id": 22,
        "creator": 1,
        "updater": 1,
        "date_added": "2022-05-03T07:22:04.538Z",
        "date_updated": "2022-05-05T04:57:35.361Z",
        "is_deleted": true,
        "product_category": "ccf92861-6d68-4ddf-973d-3109790722db",
        "name": "Dairy Milk Silk Oreo",
        "feautured_image": "products/images/IMG_20220503_125440.jpg",
        "product_description": "It was introduced in the United Kingdom in 1905 and now consists of a number of products",
        "meta_description": "Good",
        "gst_code": "d01e1aca-7efa-4a56-a0b0-c9c224881e0e"
    }
},
{
    "model": "products.product",
    "pk": "d1b82e2e-c18d-470d-a84f-9f3c27b7be54",
    "fields": {
        "auto_id": 15,
        "creator": 1,
        "updater": 1,
        "date_added": "2022-04-06T05:43:54.761Z",
        "date_updated": "2022-04-06T05:43:54.761Z",
        "is_deleted": true,
        "product_category": "85112b4b-0654-41d3-ab86-ae658695df5f",
        "name": "Shoe",
        "feautured_image": "products/images/Screenshot_2022-04-06-10-43-23-644_com.android.chrome.jpg",
        "product_description": "Good",
        "meta_description": "White shoes",
        "gst_code": "bb9925f5-a34d-44a2-a7a9-d99bddfc5b5c"
    }
},
{
    "model": "products.product",
    "pk": "d2e6a9f1-a227-463a-951a-d82b87031d85",
    "fields": {
        "auto_id": 1,
        "creator": 1,
        "updater": 1,
        "date_added": "2022-03-23T06:03:25.156Z",
        "date_updated": "2022-04-07T11:35:14.949Z",
        "is_deleted": true,
        "product_category": "c4b43351-c8b9-4c15-98a9-d12a65d0e6a3",
        "name": "Highlander shoe",
        "feautured_image": "products/images/download_23.jpg",
        "product_description": "Men White Sneakers",
        "meta_description": "Casual shoes",
        "gst_code": "7d6b28f5-76ae-496d-baaa-322a79b09d62"
    }
},
{
    "model": "products.product",
    "pk": "d5c523f3-d326-4f27-b006-9631bbfda431",
    "fields": {
        "auto_id": 20,
        "creator": 1,
        "updater": 1,
        "date_added": "2022-04-26T06:16:26.138Z",
        "date_updated": "2022-04-26T06:16:26.138Z",
        "is_deleted": true,
        "product_category": "74fc90ef-9675-481f-b14b-f5b099e5c651",
        "name": "Hand Bag",
        "feautured_image": "products/images/IMG-20220426-WA0010.jpg",
        "product_description": "Spark your little ones imagination with these fun handcrafted wooden cameras, handmade with natural wood and finished with non toxic paints.",
        "meta_description": "Handmade Eco friendly",
        "gst_code": "398109d1-df64-486b-a162-7661f0b22139"
    }
},
{
    "model": "products.product",
    "pk": "d5fcf4fa-36aa-4d38-b69d-9e790f1855d0",
    "fields": {
        "auto_id": 2,
        "creator": 1,
        "updater": 1,
        "date_added": "2022-03-23T06:46:11.595Z",
        "date_updated": "2022-03-23T12:18:26.558Z",
        "is_deleted": true,
        "product_category": "d40d5d02-6116-4720-b4a1-95e1e5f6bc7c",
        "name": "Happy Wedding",
        "feautured_image": "products/images/we2.webp",
        "product_description": "“You don't love \"",
        "meta_description": "“You don't love \"",
        "gst_code": "9492908c-28eb-4563-a216-269e658f3b0a"
    }
},
{
    "model": "products.product",
    "pk": "dc93d30a-122d-4c4e-b751-504cc77726ba",
    "fields": {
        "auto_id": 24,
        "creator": 1,
        "updater": 1,
        "date_added": "2022-05-20T06:04:43.396Z",
        "date_updated": "2022-05-20T06:04:43.396Z",
        "is_deleted": true,
        "product_category": "818d6a23-b62d-441e-a666-e70b8c2990ad",
        "name": "Bluetooth headset",
        "feautured_image": "products/images/IMG-20220427-WA0038.jpg",
        "product_description": "Wireless, Jbl signature sound, Hands free calls sans fil",
        "meta_description": "Jbl live 100 bt headset",
        "gst_code": "7fa66d2c-feac-4133-a786-b249c66b4439"
    }
},
{
    "model": "products.product",
    "pk": "e0a6643b-8efe-405b-a860-c4274d666061",
    "fields": {
        "auto_id": 7,
        "creator": 1,
        "updater": 1,
        "date_added": "2022-03-23T10:23:56.065Z",
        "date_updated": "2022-04-06T08:40:36.899Z",
        "is_deleted": true,
        "product_category": "5a9a5517-3200-47bb-bdfd-981655c98a42",
        "name": "Cube",
        "feautured_image": "products/images/download_21.jpg",
        "product_description": "“You don't love \"",
        "meta_description": "very nice",
        "gst_code": "349ce405-8780-429b-ae85-ab1b274c7f56"
    }
},
{
    "model": "products.product",
    "pk": "e82586e4-1b15-4e69-b539-3a4be2e3b2df",
    "fields": {
        "auto_id": 21,
        "creator": 1,
        "updater": 1,
        "date_added": "2022-04-26T07:13:41.304Z",
        "date_updated": "2022-04-26T07:13:41.304Z",
        "is_deleted": true,
        "product_category": "ffa1234a-e2d3-407b-b224-970d55df241b",
        "name": "Boys Wallet",
        "feautured_image": "products/images/IMG-20220426-WA0024.jpg",
        "product_description": "wallet is a flat case or pouch that can be used to carry such small personal items as paper currency, credit cards, and identification documents",
        "meta_description": "Good",
        "gst_code": "f99cd731-9b09-41b0-a9a6-e883014c8b7f"
    }
},
{
    "model": "products.product",
    "pk": "f20aa79b-f0d7-41ed-bf04-02b6d1023ab2",
    "fields": {
        "auto_id": 3,
        "creator": 1,
        "updater": 1,
        "date_added": "2022-03-23T06:52:18.519Z",
        "date_updated": "2022-03-23T06:52:18.519Z",
        "is_deleted": true,
        "product_category": "d40d5d02-6116-4720-b4a1-95e1e5f6bc7c",
        "name": "Clock",
        "feautured_image": "products/images/clock.jpg",
        "product_description": "good",
        "meta_description": "very nice",
        "gst_code": "9492908c-28eb-4563-a216-269e658f3b0a"
    }
},
{
    "model": "products.product",
    "pk": "f2640711-dad9-427c-bb41-60b070474920",
    "fields": {
        "auto_id": 5,
        "creator": 1,
        "updater": 1,
        "date_added": "2022-03-23T08:25:24.572Z",
        "date_updated": "2022-03-23T08:25:24.572Z",
        "is_deleted": true,
        "product_category": "5a9a5517-3200-47bb-bdfd-981655c98a42",
        "name": "Flower wase",
        "feautured_image": "products/images/wase.webp",
        "product_description": "good",
        "meta_description": "very nice",
        "gst_code": "349ce405-8780-429b-ae85-ab1b274c7f56"
    }
},
{
    "model": "products.product",
    "pk": "f604f219-142c-4989-a547-a6c755d990d7",
    "fields": {
        "auto_id": 23,
        "creator": 1,
        "updater": 1,
        "date_added": "2022-05-03T08:05:18.738Z",
        "date_updated": "2022-05-03T08:19:16.036Z",
        "is_deleted": true,
        "product_category": "74fc90ef-9675-481f-b14b-f5b099e5c651",
        "name": "Laptop bag",
        "feautured_image": "products/images/IMG_20220503_131935.jpg",
        "product_description": "Leather bag",
        "meta_description": "Good",
        "gst_code": "398109d1-df64-486b-a162-7661f0b22139"
    }
},
{
    "model": "products.unitofmeasurement",
    "pk": "0bb11027-1b04-47de-950f-653c51814302",
    "fields": {
        "auto_id": 7,
        "creator": 1,
        "updater": 1,
        "date_added": "2022-03-31T07:13:15.980Z",
        "date_updated": "2022-03-31T07:13:15.980Z",
        "is_deleted": true,
        "unit_of_measurement": "1"
    }
},
{
    "model": "products.unitofmeasurement",
    "pk": "11d6d786-8b5d-4ab4-beb3-1b2ce80bfefe",
    "fields": {
        "auto_id": 8,
        "creator": 1,
        "updater": 1,
        "date_added": "2022-04-05T10:27:22.464Z",
        "date_updated": "2022-04-05T10:27:22.464Z",
        "is_deleted": true,
        "unit_of_measurement": "Millie litre"
    }
},
{
    "model": "products.unitofmeasurement",
    "pk": "2c115f6a-59d9-4d88-a553-f8796f9228e4",
    "fields": {
        "auto_id": 2,
        "creator": 1,
        "updater": 1,
        "date_added": "2022-03-23T07:23:23.854Z",
        "date_updated": "2022-03-23T07:23:23.854Z",
        "is_deleted": true,
        "unit_of_measurement": "small"
    }
},
{
    "model": "products.unitofmeasurement",
    "pk": "520c2580-3bb5-42aa-b857-7a20a1fb140f",
    "fields": {
        "auto_id": 10,
        "creator": 1,
        "updater": 1,
        "date_added": "2022-04-06T05:41:38.334Z",
        "date_updated": "2022-04-06T05:41:38.334Z",
        "is_deleted": false,
        "unit_of_measurement": "KG"
    }
},
{
    "model": "products.unitofmeasurement",
    "pk": "5b418fa4-49fc-424b-a7be-9555eb94ea91",
    "fields": {
        "auto_id": 6,
        "creator": 1,
        "updater": 1,
        "date_added": "2022-03-23T12:24:59.471Z",
        "date_updated": "2022-03-23T12:24:59.471Z",
        "is_deleted": true,
        "unit_of_measurement": "big"
    }
},
{
    "model": "products.unitofmeasurement",
    "pk": "5de3a169-3084-4abe-a0c7-91fdbce1fa41",
    "fields": {
        "auto_id": 5,
        "creator": 1,
        "updater": 1,
        "date_added": "2022-03-23T08:15:47.008Z",
        "date_updated": "2022-03-23T08:15:47.008Z",
        "is_deleted": true,
        "unit_of_measurement": "gram"
    }
},
{
    "model": "products.unitofmeasurement",
    "pk": "6ac5dac6-4755-4bb5-a8c6-594a231351c8",
    "fields": {
        "auto_id": 13,
        "creator": 1,
        "updater": 1,
        "date_added": "2022-04-06T05:42:21.831Z",
        "date_updated": "2022-04-06T05:42:21.831Z",
        "is_deleted": false,
        "unit_of_measurement": "ML"
    }
},
{
    "model": "products.unitofmeasurement",
    "pk": "880eae71-22e8-4d9e-b86d-b2ede3e64561",
    "fields": {
        "auto_id": 12,
        "creator": 1,
        "updater": 1,
        "date_added": "2022-04-06T05:42:10.274Z",
        "date_updated": "2022-04-06T05:49:13.287Z",
        "is_deleted": false,
        "unit_of_measurement": "Litre"
    }
},
{
    "model": "products.unitofmeasurement",
    "pk": "8a92adf7-b345-4693-99ff-4f8646d539af",
    "fields": {
        "auto_id": 14,
        "creator": 1,
        "updater": 1,
        "date_added": "2022-04-06T05:45:11.638Z",
        "date_updated": "2022-04-06T05:45:11.638Z",
        "is_deleted": true,
        "unit_of_measurement": "1"
    }
},
{
    "model": "products.unitofmeasurement",
    "pk": "aca47926-5321-41d5-a78c-2a1cff194d02",
    "fields": {
        "auto_id": 1,
        "creator": 1,
        "updater": 1,
        "date_added": "2022-03-23T07:23:09.837Z",
        "date_updated": "2022-03-23T07:23:09.837Z",
        "is_deleted": true,
        "unit_of_measurement": "large"
    }
},
{
    "model": "products.unitofmeasurement",
    "pk": "c68f73b2-fa42-4bb4-a57c-a1a0c1b3eda3",
    "fields": {
        "auto_id": 16,
        "creator": 1,
        "updater": 1,
        "date_added": "2022-04-06T05:49:40.913Z",
        "date_updated": "2022-04-06T05:49:40.913Z",
        "is_deleted": true,
        "unit_of_measurement": "Small"
    }
},
{
    "model": "products.unitofmeasurement",
    "pk": "c6c07740-5360-4fc6-881b-d81504a2a1e4",
    "fields": {
        "auto_id": 3,
        "creator": 1,
        "updater": 1,
        "date_added": "2022-03-23T08:15:25.546Z",
        "date_updated": "2022-03-23T08:15:25.546Z",
        "is_deleted": true,
        "unit_of_measurement": "kilogram"
    }
},
{
    "model": "products.unitofmeasurement",
    "pk": "d10b0072-6ab9-427b-a79e-50ed4e0f80a5",
    "fields": {
        "auto_id": 9,
        "creator": 1,
        "updater": 1,
        "date_added": "2022-04-06T05:28:23.098Z",
        "date_updated": "2022-04-06T05:28:23.098Z",
        "is_deleted": false,
        "unit_of_measurement": "UK"
    }
},
{
    "model": "products.unitofmeasurement",
    "pk": "ddd98ef6-2f1d-4886-acdc-4f6baaecb6ce",
    "fields": {
        "auto_id": 15,
        "creator": 1,
        "updater": 1,
        "date_added": "2022-04-06T05:49:28.141Z",
        "date_updated": "2022-04-06T05:49:28.141Z",
        "is_deleted": true,
        "unit_of_measurement": "Large"
    }
},
{
    "model": "products.unitofmeasurement",
    "pk": "e21d4d3e-2204-4f79-a1fb-f963827e28bc",
    "fields": {
        "auto_id": 17,
        "creator": 1,
        "updater": 1,
        "date_added": "2022-04-06T05:49:43.111Z",
        "date_updated": "2022-04-06T05:49:43.111Z",
        "is_deleted": false,
        "unit_of_measurement": "Small"
    }
},
{
    "model": "products.unitofmeasurement",
    "pk": "ec00cee6-4ead-497b-920d-3d109c2813c6",
    "fields": {
        "auto_id": 4,
        "creator": 1,
        "updater": 1,
        "date_added": "2022-03-23T08:15:35.041Z",
        "date_updated": "2022-03-23T08:15:35.041Z",
        "is_deleted": true,
        "unit_of_measurement": "Litter"
    }
},
{
    "model": "products.unitofmeasurement",
    "pk": "f449acc5-b952-45e3-92d4-b5be4c9fc5ad",
    "fields": {
        "auto_id": 18,
        "creator": 1,
        "updater": 1,
        "date_added": "2022-04-06T05:49:54.551Z",
        "date_updated": "2022-04-06T05:49:54.551Z",
        "is_deleted": false,
        "unit_of_measurement": "Medium"
    }
},
{
    "model": "products.unitofmeasurement",
    "pk": "f840478d-57b5-4bc1-bb6c-76c6b882b815",
    "fields": {
        "auto_id": 11,
        "creator": 1,
        "updater": 1,
        "date_added": "2022-04-06T05:41:50.085Z",
        "date_updated": "2022-04-06T05:41:50.085Z",
        "is_deleted": false,
        "unit_of_measurement": "GM"
    }
},
{
    "model": "products.unit",
    "pk": "02605b8d-a8b5-4969-8416-a185eb032c14",
    "fields": {
        "auto_id": 10,
        "creator": 1,
        "updater": 1,
        "date_added": "2022-04-06T05:29:24.499Z",
        "date_updated": "2022-04-06T05:29:24.499Z",
        "is_deleted": false,
        "unit_of_measurement": "d10b0072-6ab9-427b-a79e-50ed4e0f80a5",
        "unit": "8"
    }
},
{
    "model": "products.unit",
    "pk": "16156b9a-4a5f-48f7-bd5f-d3052d5bff0f",
    "fields": {
        "auto_id": 18,
        "creator": 1,
        "updater": 1,
        "date_added": "2022-04-06T05:46:15.527Z",
        "date_updated": "2022-04-06T05:46:15.527Z",
        "is_deleted": true,
        "unit_of_measurement": "6ac5dac6-4755-4bb5-a8c6-594a231351c8",
        "unit": "300"
    }
},
{
    "model": "products.unit",
    "pk": "1c1b35e0-1d18-497b-8264-3b591f592399",
    "fields": {
        "auto_id": 5,
        "creator": 1,
        "updater": 1,
        "date_added": "2022-03-23T12:25:11.976Z",
        "date_updated": "2022-03-23T12:25:11.977Z",
        "is_deleted": true,
        "unit_of_measurement": "5b418fa4-49fc-424b-a7be-9555eb94ea91",
        "unit": "b"
    }
},
{
    "model": "products.unit",
    "pk": "235280d8-4f7f-4815-9d35-7fd4aad00b30",
    "fields": {
        "auto_id": 15,
        "creator": 1,
        "updater": 1,
        "date_added": "2022-04-06T05:45:30.771Z",
        "date_updated": "2022-04-06T05:45:30.771Z",
        "is_deleted": true,
        "unit_of_measurement": "8a92adf7-b345-4693-99ff-4f8646d539af",
        "unit": "Cm"
    }
},
{
    "model": "products.unit",
    "pk": "30bdd245-12a3-419f-b5a4-ed702e4e52d9",
    "fields": {
        "auto_id": 2,
        "creator": 1,
        "updater": 1,
        "date_added": "2022-03-23T07:23:54.152Z",
        "date_updated": "2022-03-23T07:23:54.152Z",
        "is_deleted": true,
        "unit_of_measurement": "2c115f6a-59d9-4d88-a553-f8796f9228e4",
        "unit": "s"
    }
},
{
    "model": "products.unit",
    "pk": "51418f6f-ea24-48be-8ff9-32a187c7267a",
    "fields": {
        "auto_id": 23,
        "creator": 1,
        "updater": 1,
        "date_added": "2022-04-06T05:48:12.411Z",
        "date_updated": "2022-04-06T05:48:12.411Z",
        "is_deleted": true,
        "unit_of_measurement": "f840478d-57b5-4bc1-bb6c-76c6b882b815",
        "unit": "300"
    }
},
{
    "model": "products.unit",
    "pk": "5c8dadcd-b91e-4bc1-99d4-f416d16bde54",
    "fields": {
        "auto_id": 11,
        "creator": 1,
        "updater": 1,
        "date_added": "2022-04-06T05:29:40.768Z",
        "date_updated": "2022-04-06T05:29:40.768Z",
        "is_deleted": true,
        "unit_of_measurement": "d10b0072-6ab9-427b-a79e-50ed4e0f80a5",
        "unit": "9"
    }
},
{
    "model": "products.unit",
    "pk": "6cf04773-a921-4081-9c70-853c0e4ce4c0",
    "fields": {
        "auto_id": 22,
        "creator": 1,
        "updater": 1,
        "date_added": "2022-04-06T05:47:40.565Z",
        "date_updated": "2022-04-06T05:47:40.565Z",
        "is_deleted": true,
        "unit_of_measurement": "f840478d-57b5-4bc1-bb6c-76c6b882b815",
        "unit": "200"
    }
},
{
    "model": "products.unit",
    "pk": "778775d1-6de8-4375-b77a-1aa80bbb4aac",
    "fields": {
        "auto_id": 21,
        "creator": 1,
        "updater": 1,
        "date_added": "2022-04-06T05:47:21.326Z",
        "date_updated": "2022-04-06T05:47:21.326Z",
        "is_deleted": false,
        "unit_of_measurement": "f840478d-57b5-4bc1-bb6c-76c6b882b815",
        "unit": "500"
    }
},
{
    "model": "products.unit",
    "pk": "7fc64873-ee21-4f9a-a828-9c5119255fc2",
    "fields": {
        "auto_id": 17,
        "creator": 1,
        "updater": 1,
        "date_added": "2022-04-06T05:46:00.624Z",
        "date_updated": "2022-04-06T05:46:00.624Z",
        "is_deleted": true,
        "unit_of_measurement": "6ac5dac6-4755-4bb5-a8c6-594a231351c8",
        "unit": "200"
    }
},
{
    "model": "products.unit",
    "pk": "86c4665a-7735-49d8-acd3-90a875493da0",
    "fields": {
        "auto_id": 27,
        "creator": 1,
        "updater": 1,
        "date_added": "2022-04-26T06:18:28.525Z",
        "date_updated": "2022-04-26T06:18:28.525Z",
        "is_deleted": false,
        "unit_of_measurement": "520c2580-3bb5-42aa-b857-7a20a1fb140f",
        "unit": "2"
    }
},
{
    "model": "products.unit",
    "pk": "879dc547-8739-4336-aa55-09ada0f39c7d",
    "fields": {
        "auto_id": 28,
        "creator": 1,
        "updater": 1,
        "date_added": "2022-04-28T11:04:48.272Z",
        "date_updated": "2022-04-28T11:05:03.636Z",
        "is_deleted": false,
        "unit_of_measurement": "520c2580-3bb5-42aa-b857-7a20a1fb140f",
        "unit": "1"
    }
},
{
    "model": "products.unit",
    "pk": "90aabd71-d675-4c6a-97c0-78b7b1d4f2fa",
    "fields": {
        "auto_id": 16,
        "creator": 1,
        "updater": 1,
        "date_added": "2022-04-06T05:45:44.567Z",
        "date_updated": "2022-04-06T05:45:44.567Z",
        "is_deleted": true,
        "unit_of_measurement": "6ac5dac6-4755-4bb5-a8c6-594a231351c8",
        "unit": "125"
    }
},
{
    "model": "products.unit",
    "pk": "946ab98d-d85b-4fef-a079-d208382c53ac",
    "fields": {
        "auto_id": 14,
        "creator": 1,
        "updater": 1,
        "date_added": "2022-04-06T05:45:26.982Z",
        "date_updated": "2022-04-06T05:45:26.982Z",
        "is_deleted": true,
        "unit_of_measurement": "880eae71-22e8-4d9e-b86d-b2ede3e64561",
        "unit": "5"
    }
},
{
    "model": "products.unit",
    "pk": "9db5d3e8-bcc9-487c-a757-ec47892f3124",
    "fields": {
        "auto_id": 1,
        "creator": 1,
        "updater": 1,
        "date_added": "2022-03-23T07:23:40.607Z",
        "date_updated": "2022-03-23T07:23:40.607Z",
        "is_deleted": true,
        "unit_of_measurement": "aca47926-5321-41d5-a78c-2a1cff194d02",
        "unit": "L"
    }
},
{
    "model": "products.unit",
    "pk": "a0fa9584-2a4e-4577-9c37-b0ecad9244da",
    "fields": {
        "auto_id": 8,
        "creator": 1,
        "updater": 1,
        "date_added": "2022-04-06T05:28:50.614Z",
        "date_updated": "2022-04-06T05:28:50.614Z",
        "is_deleted": true,
        "unit_of_measurement": "d10b0072-6ab9-427b-a79e-50ed4e0f80a5",
        "unit": "6"
    }
},
{
    "model": "products.unit",
    "pk": "b38568e8-6539-4d75-b8d4-2316fca6c411",
    "fields": {
        "auto_id": 4,
        "creator": 1,
        "updater": 1,
        "date_added": "2022-03-23T08:16:10.430Z",
        "date_updated": "2022-03-23T08:16:10.430Z",
        "is_deleted": true,
        "unit_of_measurement": "c6c07740-5360-4fc6-881b-d81504a2a1e4",
        "unit": "kg"
    }
},
{
    "model": "products.unit",
    "pk": "b522eb2e-97d8-4a90-a602-502c5a087db9",
    "fields": {
        "auto_id": 19,
        "creator": 1,
        "updater": 1,
        "date_added": "2022-04-06T05:46:51.235Z",
        "date_updated": "2022-04-06T05:46:51.235Z",
        "is_deleted": true,
        "unit_of_measurement": "520c2580-3bb5-42aa-b857-7a20a1fb140f",
        "unit": "2"
    }
},
{
    "model": "products.unit",
    "pk": "c0690b9b-e5ea-47db-8ad3-7b57d7818bdd",
    "fields": {
        "auto_id": 26,
        "creator": 1,
        "updater": 1,
        "date_added": "2022-04-06T05:51:10.458Z",
        "date_updated": "2022-04-06T05:51:10.458Z",
        "is_deleted": false,
        "unit_of_measurement": "f449acc5-b952-45e3-92d4-b5be4c9fc5ad",
        "unit": "M"
    }
},
{
    "model": "products.unit",
    "pk": "c282dd25-ad08-4441-89c5-207eec25200e",
    "fields": {
        "auto_id": 13,
        "creator": 1,
        "updater": 1,
        "date_added": "2022-04-06T05:45:12.992Z",
        "date_updated": "2022-04-06T05:45:12.992Z",
        "is_deleted": true,
        "unit_of_measurement": "880eae71-22e8-4d9e-b86d-b2ede3e64561",
        "unit": "2"
    }
},
{
    "model": "products.unit",
    "pk": "c5535edf-0161-42fc-b772-d3a14fc410eb",
    "fields": {
        "auto_id": 24,
        "creator": 1,
        "updater": 1,
        "date_added": "2022-04-06T05:50:36.233Z",
        "date_updated": "2022-04-06T05:50:36.233Z",
        "is_deleted": true,
        "unit_of_measurement": "c68f73b2-fa42-4bb4-a57c-a1a0c1b3eda3",
        "unit": "S"
    }
},
{
    "model": "products.unit",
    "pk": "ded4338e-8db8-4dac-95d0-165a58d3e4d4",
    "fields": {
        "auto_id": 7,
        "creator": 1,
        "updater": 1,
        "date_added": "2022-04-05T10:27:46.844Z",
        "date_updated": "2022-04-05T10:27:46.844Z",
        "is_deleted": true,
        "unit_of_measurement": "11d6d786-8b5d-4ab4-beb3-1b2ce80bfefe",
        "unit": "ML"
    }
},
{
    "model": "products.unit",
    "pk": "edf0cf5d-cdf7-4c65-8f80-fae53e2ccefc",
    "fields": {
        "auto_id": 6,
        "creator": 1,
        "updater": 1,
        "date_added": "2022-03-31T07:13:28.281Z",
        "date_updated": "2022-03-31T07:13:28.281Z",
        "is_deleted": true,
        "unit_of_measurement": "0bb11027-1b04-47de-950f-653c51814302",
        "unit": "1"
    }
},
{
    "model": "products.unit",
    "pk": "f0ef12c4-bdaa-4218-af35-c588ba0d5f47",
    "fields": {
        "auto_id": 12,
        "creator": 1,
        "updater": 1,
        "date_added": "2022-04-06T05:44:54.602Z",
        "date_updated": "2022-04-06T05:44:54.602Z",
        "is_deleted": true,
        "unit_of_measurement": "880eae71-22e8-4d9e-b86d-b2ede3e64561",
        "unit": "1"
    }
},
{
    "model": "products.unit",
    "pk": "fb38c2bf-0e55-4ec5-ac3c-648242e241ec",
    "fields": {
        "auto_id": 25,
        "creator": 1,
        "updater": 1,
        "date_added": "2022-04-06T05:50:51.295Z",
        "date_updated": "2022-04-06T05:50:51.295Z",
        "is_deleted": false,
        "unit_of_measurement": "ddd98ef6-2f1d-4886-acdc-4f6baaecb6ce",
        "unit": "L"
    }
},
{
    "model": "products.unit",
    "pk": "fd1fa96b-de6e-4e13-b5b8-ba3b786992f0",
    "fields": {
        "auto_id": 20,
        "creator": 1,
        "updater": 1,
        "date_added": "2022-04-06T05:47:03.748Z",
        "date_updated": "2022-04-06T05:47:03.748Z",
        "is_deleted": true,
        "unit_of_measurement": "520c2580-3bb5-42aa-b857-7a20a1fb140f",
        "unit": "1"
    }
},
{
    "model": "products.unit",
    "pk": "fd8a27a9-9dcc-4929-a115-43b5a2110001",
    "fields": {
        "auto_id": 3,
        "creator": 1,
        "updater": 1,
        "date_added": "2022-03-23T08:16:00.153Z",
        "date_updated": "2022-03-23T08:16:00.153Z",
        "is_deleted": true,
        "unit_of_measurement": "5de3a169-3084-4abe-a0c7-91fdbce1fa41",
        "unit": "g"
    }
},
{
    "model": "products.unit",
    "pk": "fd9e1573-51cf-4b1f-a085-a64b504851bd",
    "fields": {
        "auto_id": 9,
        "creator": 1,
        "updater": 1,
        "date_added": "2022-04-06T05:29:07.916Z",
        "date_updated": "2022-04-06T05:29:07.916Z",
        "is_deleted": true,
        "unit_of_measurement": "d10b0072-6ab9-427b-a79e-50ed4e0f80a5",
        "unit": "7"
    }
},
{
    "model": "products.productcolor",
    "pk": "02782526-2012-4a3d-8a3f-0e4404ea87ab",
    "fields": {
        "date_added": "2022-06-08T07:10:39.281Z",
        "is_deleted": true,
        "color": "Black"
    }
},
{
    "model": "products.productcolor",
    "pk": "371d18d9-70cc-4895-9ad8-eb0bef3bd576",
    "fields": {
        "date_added": "2022-03-23T08:14:51.853Z",
        "is_deleted": true,
        "color": "Green"
    }
},
{
    "model": "products.productcolor",
    "pk": "3a5bed21-ffcb-4848-b3b7-6ed920af461b",
    "fields": {
        "date_added": "2022-03-31T07:09:39.066Z",
        "is_deleted": false,
        "color": "Black"
    }
},
{
    "model": "products.productcolor",
    "pk": "3b81c770-ad71-4ae8-addb-e5142fdfaecc",
    "fields": {
        "date_added": "2022-04-12T05:13:29.449Z",
        "is_deleted": true,
        "color": "Pink"
    }
},
{
    "model": "products.productcolor",
    "pk": "3d2ebe4d-e63a-4bf6-b1c6-4ec159b4c7a2",
    "fields": {
        "date_added": "2022-04-11T11:13:00.881Z",
        "is_deleted": true,
        "color": "Silver"
    }
},
{
    "model": "products.productcolor",
    "pk": "716ed9fd-dfe1-4e13-be9e-8bc4fc3eb918",
    "fields": {
        "date_added": "2022-05-20T06:02:01.462Z",
        "is_deleted": false,
        "color": "Sky blue"
    }
},
{
    "model": "products.productcolor",
    "pk": "7238db21-f78d-4263-8a94-cdcbf3b31103",
    "fields": {
        "date_added": "2022-06-23T05:28:10.961Z",
        "is_deleted": false,
        "color": "Grey"
    }
},
{
    "model": "products.productcolor",
    "pk": "76dfa0fd-15ad-428c-bf96-0027ce7c3ec8",
    "fields": {
        "date_added": "2022-04-06T05:58:47.650Z",
        "is_deleted": true,
        "color": "Yellow"
    }
},
{
    "model": "products.productcolor",
    "pk": "9cd32e6e-da1a-4214-982b-6dcbbabad01e",
    "fields": {
        "date_added": "2022-05-03T07:20:43.206Z",
        "is_deleted": true,
        "color": "Chocolate"
    }
},
{
    "model": "products.productcolor",
    "pk": "9e2cbaaa-58d4-4961-8f5c-44414cb11b54",
    "fields": {
        "date_added": "2022-06-23T05:12:20.033Z",
        "is_deleted": true,
        "color": "Black"
    }
},
{
    "model": "products.productcolor",
    "pk": "b6bdce7e-553e-401d-8b77-a77a00bc09f8",
    "fields": {
        "date_added": "2022-03-23T06:44:42.765Z",
        "is_deleted": true,
        "color": "Red"
    }
},
{
    "model": "products.productcolor",
    "pk": "c432dedc-bc2a-42c1-830b-94e9b691f1c1",
    "fields": {
        "date_added": "2022-03-23T12:22:52.089Z",
        "is_deleted": true,
        "color": "Black"
    }
},
{
    "model": "products.productcolor",
    "pk": "cd3ef717-4c08-4e3a-9db6-1dacdcf2b75b",
    "fields": {
        "date_added": "2022-04-06T05:58:59.994Z",
        "is_deleted": true,
        "color": "Pink"
    }
},
{
    "model": "products.productcolor",
    "pk": "cfae42f1-76dd-4b6f-8c2f-4d22ae87ab12",
    "fields": {
        "date_added": "2022-03-23T12:22:01.808Z",
        "is_deleted": true,
        "color": "white"
    }
},
{
    "model": "products.productcolor",
    "pk": "eec9b218-c1fc-4f09-9ba1-c17e14463009",
    "fields": {
        "date_added": "2022-05-03T08:03:59.024Z",
        "is_deleted": true,
        "color": "Brown"
    }
},
{
    "model": "products.productcolor",
    "pk": "f079c03a-7bf1-415e-bcc1-9e2e9e266f23",
    "fields": {
        "date_added": "2022-03-23T08:15:04.964Z",
        "is_deleted": true,
        "color": "Blue"
    }
},
{
    "model": "products.productcolor",
    "pk": "ff00690d-ae4e-4de5-b613-437819e5db78",
    "fields": {
        "date_added": "2022-04-26T07:12:47.102Z",
        "is_deleted": true,
        "color": "Brown"
    }
},
{
    "model": "products.productcolor",
    "pk": "ffefae8c-9868-4118-acc7-eea317fedaa8",
    "fields": {
        "date_added": "2022-04-06T05:41:59.772Z",
        "is_deleted": true,
        "color": "White"
    }
},
{
    "model": "products.brand",
    "pk": "14419305-e6fe-4f89-8ed9-0b4189d878a3",
    "fields": {
        "date_added": "2022-03-23T07:36:05.672Z",
        "is_deleted": true,
        "brand": "Gway"
    }
},
{
    "model": "products.brand",
    "pk": "2a495f4e-48f3-40bd-9bd8-202f8ac353fd",
    "fields": {
        "date_added": "2022-03-31T07:09:26.959Z",
        "is_deleted": true,
        "brand": "Chanel"
    }
},
{
    "model": "products.brand",
    "pk": "32e25e50-85c6-4b4d-a2f1-634e9744b0a9",
    "fields": {
        "date_added": "2022-03-23T07:35:53.297Z",
        "is_deleted": true,
        "brand": "Rose wella"
    }
},
{
    "model": "products.brand",
    "pk": "364cb5ea-b71a-49bc-b32d-dc84b8a0d348",
    "fields": {
        "date_added": "2022-06-08T07:09:21.348Z",
        "is_deleted": false,
        "brand": "Remax"
    }
},
{
    "model": "products.brand",
    "pk": "4a89f69b-3bec-4b7e-90bb-5bbd9da57237",
    "fields": {
        "date_added": "2022-05-03T07:20:22.600Z",
        "is_deleted": true,
        "brand": "Cadbury Dairy Milk"
    }
},
{
    "model": "products.brand",
    "pk": "555a1acd-3c7f-4324-90fe-77a2db654e9a",
    "fields": {
        "date_added": "2022-05-03T08:03:49.850Z",
        "is_deleted": true,
        "brand": "Adidas"
    }
},
{
    "model": "products.brand",
    "pk": "6206e9a7-dd0d-4e79-9550-f7199e927931",
    "fields": {
        "date_added": "2022-05-20T06:01:47.181Z",
        "is_deleted": false,
        "brand": "JBL"
    }
},
{
    "model": "products.brand",
    "pk": "6c453130-4b8a-45aa-9e64-8724f56a9673",
    "fields": {
        "date_added": "2022-04-11T11:12:40.327Z",
        "is_deleted": true,
        "brand": "Titan"
    }
},
{
    "model": "products.brand",
    "pk": "820fc347-5480-4440-8653-90a65c0f25f8",
    "fields": {
        "date_added": "2022-04-26T07:12:13.797Z",
        "is_deleted": true,
        "brand": "Louis Philippe"
    }
},
{
    "model": "products.brand",
    "pk": "84098c23-4ada-40a0-99e5-49f72dc40e73",
    "fields": {
        "date_added": "2022-03-23T12:21:49.974Z",
        "is_deleted": true,
        "brand": "adidas"
    }
},
{
    "model": "products.brand",
    "pk": "8b18b582-595b-4d06-b27d-ae56cb8349b8",
    "fields": {
        "date_added": "2022-06-23T05:27:58.122Z",
        "is_deleted": false,
        "brand": "Conekt"
    }
},
{
    "model": "products.brand",
    "pk": "a36f1fe4-8d5f-4ffa-9d05-d3cff0bc3f8e",
    "fields": {
        "date_added": "2022-04-19T05:24:22.439Z",
        "is_deleted": true,
        "brand": "Blooming Calligraphy"
    }
},
{
    "model": "products.brand",
    "pk": "aad464ff-09f8-4bcc-a98f-8e0ca4590f85",
    "fields": {
        "date_added": "2022-06-23T05:12:11.144Z",
        "is_deleted": false,
        "brand": "Hapi Pola"
    }
},
{
    "model": "products.brand",
    "pk": "b91f7da1-1aa1-49cf-b880-598b1998dd73",
    "fields": {
        "date_added": "2022-03-23T06:44:32.359Z",
        "is_deleted": true,
        "brand": "Avaasa"
    }
},
{
    "model": "products.brand",
    "pk": "e3112e42-a79e-4883-bb90-f43908b6c292",
    "fields": {
        "date_added": "2022-04-12T05:13:09.292Z",
        "is_deleted": true,
        "brand": "Kevil Digital Camera"
    }
},
{
    "model": "products.brand",
    "pk": "f9fd2856-74a3-4bc7-9692-dc2a9fd0d1ac",
    "fields": {
        "date_added": "2022-04-06T05:41:48.066Z",
        "is_deleted": true,
        "brand": "Nike"
    }
},
{
    "model": "products.productvariant",
    "pk": "0cd47438-1565-4cf8-9274-a44c7c4206bf",
    "fields": {
        "auto_id": 18,
        "creator": 1,
        "updater": 1,
        "date_added": "2022-03-23T12:34:51.566Z",
        "date_updated": "2022-04-05T11:59:09.891Z",
        "is_deleted": true,
        "product": "07fcecf7-f4fc-41dd-9e1b-78b9784a8224",
        "title": "1L",
        "uom": "5de3a169-3084-4abe-a0c7-91fdbce1fa41",
        "unit": "fd8a27a9-9dcc-4929-a115-43b5a2110001",
        "mrp": "2000.00",
        "price": "1999.00",
        "opening_stock": "65.00",
        "stock": "65.00",
        "gender": "20",
        "age_group": "all",
        "person_type": null,
        "is_default": false,
        "color": "371d18d9-70cc-4895-9ad8-eb0bef3bd576",
        "brand": "32e25e50-85c6-4b4d-a2f1-634e9744b0a9"
    }
},
{
    "model": "products.productvariant",
    "pk": "0e815c02-e462-4f93-a5ed-76517ae6895f",
    "fields": {
        "auto_id": 37,
        "creator": 1,
        "updater": 1,
        "date_added": "2022-07-27T08:45:53.499Z",
        "date_updated": "2022-07-27T08:45:53.499Z",
        "is_deleted": false,
        "product": "155eb810-e258-48c4-8859-0ece80386f28",
        "title": "testtt",
        "uom": "f449acc5-b952-45e3-92d4-b5be4c9fc5ad",
        "unit": "879dc547-8739-4336-aa55-09ada0f39c7d",
        "mrp": "1200.00",
        "price": "1100.00",
        "opening_stock": "0.00",
        "stock": "0.00",
        "gender": "10",
        "age_group": "40",
        "person_type": null,
        "is_default": true,
        "color": "716ed9fd-dfe1-4e13-be9e-8bc4fc3eb918",
        "brand": "8b18b582-595b-4d06-b27d-ae56cb8349b8"
    }
},
{
    "model": "products.productvariant",
    "pk": "147874b4-4d09-492d-8278-8fc93d52af17",
    "fields": {
        "auto_id": 8,
        "creator": 1,
        "updater": 1,
        "date_added": "2022-03-23T12:15:37.893Z",
        "date_updated": "2022-03-23T12:15:37.893Z",
        "is_deleted": false,
        "product": "f20aa79b-f0d7-41ed-bf04-02b6d1023ab2",
        "title": "Wood Round Wall Clock S",
        "uom": "2c115f6a-59d9-4d88-a553-f8796f9228e4",
        "unit": "30bdd245-12a3-419f-b5a4-ed702e4e52d9",
        "mrp": "540.00",
        "price": "500.00",
        "opening_stock": "10.00",
        "stock": "9.00",
        "gender": "20",
        "age_group": "all",
        "person_type": null,
        "is_default": false,
        "color": "f079c03a-7bf1-415e-bcc1-9e2e9e266f23",
        "brand": "32e25e50-85c6-4b4d-a2f1-634e9744b0a9"
    }
},
{
    "model": "products.productvariant",
    "pk": "1f305f27-8400-493c-a123-58987d50af0e",
    "fields": {
        "auto_id": 23,
        "creator": 1,
        "updater": 1,
        "date_added": "2022-04-06T05:01:25.685Z",
        "date_updated": "2022-04-06T09:38:13.682Z",
        "is_deleted": false,
        "product": "a6161153-5dcf-432b-b8a8-5e26e4dcecd1",
        "title": "300g",
        "uom": "f840478d-57b5-4bc1-bb6c-76c6b882b815",
        "unit": "16156b9a-4a5f-48f7-bd5f-d3052d5bff0f",
        "mrp": "1625.00",
        "price": "865.00",
        "opening_stock": "0.00",
        "stock": "-4.00",
        "gender": "10",
        "age_group": "all",
        "person_type": null,
        "is_default": true,
        "color": null,
        "brand": null
    }
},
{
    "model": "products.productvariant",
    "pk": "31ed8d8e-7e1f-43aa-9779-14b98a23253a",
    "fields": {
        "auto_id": 35,
        "creator": 1,
        "updater": 1,
        "date_added": "2022-06-23T05:17:45.429Z",
        "date_updated": "2022-06-23T05:17:45.429Z",
        "is_deleted": false,
        "product": "942ad635-cc83-47fe-9bb3-4a98e9b377f6",
        "title": "Bluetooth speaker",
        "uom": "f840478d-57b5-4bc1-bb6c-76c6b882b815",
        "unit": "879dc547-8739-4336-aa55-09ada0f39c7d",
        "mrp": "1050.00",
        "price": "950.00",
        "opening_stock": "5.00",
        "stock": "5.00",
        "gender": "10",
        "age_group": "all",
        "person_type": null,
        "is_default": true,
        "color": "3a5bed21-ffcb-4848-b3b7-6ed920af461b",
        "brand": "aad464ff-09f8-4bcc-a98f-8e0ca4590f85"
    }
},
{
    "model": "products.productvariant",
    "pk": "322c5146-7c59-433b-8353-fdb6653b403e",
    "fields": {
        "auto_id": 32,
        "creator": 1,
        "updater": 1,
        "date_added": "2022-05-12T05:41:28.445Z",
        "date_updated": "2022-05-12T05:41:28.445Z",
        "is_deleted": false,
        "product": "503baf3e-bbae-4c81-bc6c-07dfa220f6ef",
        "title": "100 ml",
        "uom": "6ac5dac6-4755-4bb5-a8c6-594a231351c8",
        "unit": "879dc547-8739-4336-aa55-09ada0f39c7d",
        "mrp": "558.67",
        "price": "550.34",
        "opening_stock": "10.00",
        "stock": "10.00",
        "gender": "20",
        "age_group": "all",
        "person_type": null,
        "is_default": false,
        "color": "f079c03a-7bf1-415e-bcc1-9e2e9e266f23",
        "brand": "32e25e50-85c6-4b4d-a2f1-634e9744b0a9"
    }
},
{
    "model": "products.productvariant",
    "pk": "3c8103f5-fcde-46db-9b36-844d96e229f3",
    "fields": {
        "auto_id": 5,
        "creator": 1,
        "updater": 1,
        "date_added": "2022-03-23T08:28:18.103Z",
        "date_updated": "2022-03-23T08:28:18.103Z",
        "is_deleted": false,
        "product": "f2640711-dad9-427c-bb41-60b070474920",
        "title": "flower wase Small",
        "uom": "2c115f6a-59d9-4d88-a553-f8796f9228e4",
        "unit": "30bdd245-12a3-419f-b5a4-ed702e4e52d9",
        "mrp": "500.00",
        "price": "470.00",
        "opening_stock": "14.00",
        "stock": "14.00",
        "gender": "10",
        "age_group": "all",
        "person_type": null,
        "is_default": true,
        "color": "f079c03a-7bf1-415e-bcc1-9e2e9e266f23",
        "brand": "14419305-e6fe-4f89-8ed9-0b4189d878a3"
    }
},
{
    "model": "products.productvariant",
    "pk": "3e925c58-c7de-4c15-a069-141a007a56f5",
    "fields": {
        "auto_id": 20,
        "creator": 1,
        "updater": 1,
        "date_added": "2022-03-23T12:38:39.406Z",
        "date_updated": "2022-04-05T12:11:33.741Z",
        "is_deleted": true,
        "product": "9ee7f602-27c4-4c85-81f4-fd51b5257730",
        "title": "1",
        "uom": "5de3a169-3084-4abe-a0c7-91fdbce1fa41",
        "unit": "fd8a27a9-9dcc-4929-a115-43b5a2110001",
        "mrp": "900.00",
        "price": "899.00",
        "opening_stock": "45.00",
        "stock": "45.00",
        "gender": "30",
        "age_group": "all",
        "person_type": null,
        "is_default": true,
        "color": "cfae42f1-76dd-4b6f-8c2f-4d22ae87ab12",
        "brand": "32e25e50-85c6-4b4d-a2f1-634e9744b0a9"
    }
},
{
    "model": "products.productvariant",
    "pk": "517cfb72-750f-456f-bb04-1c72cc252daf",
    "fields": {
        "auto_id": 27,
        "creator": 1,
        "updater": 1,
        "date_added": "2022-04-19T05:36:23.164Z",
        "date_updated": "2022-04-19T07:03:06.835Z",
        "is_deleted": false,
        "product": "359ec5ee-a469-4b82-9ae2-e923050bed24",
        "title": "Calligraphy",
        "uom": "520c2580-3bb5-42aa-b857-7a20a1fb140f",
        "unit": "fd1fa96b-de6e-4e13-b5b8-ba3b786992f0",
        "mrp": "1100.00",
        "price": "932.00",
        "opening_stock": "2.00",
        "stock": "1.00",
        "gender": "10",
        "age_group": "30",
        "person_type": null,
        "is_default": true,
        "color": "ffefae8c-9868-4118-acc7-eea317fedaa8",
        "brand": "a36f1fe4-8d5f-4ffa-9d05-d3cff0bc3f8e"
    }
},
{
    "model": "products.productvariant",
    "pk": "558b22ff-66f8-40bf-8697-a68726c394fe",
    "fields": {
        "auto_id": 9,
        "creator": 1,
        "updater": 1,
        "date_added": "2022-03-23T12:16:56.376Z",
        "date_updated": "2022-04-19T10:44:29.399Z",
        "is_deleted": false,
        "product": "e0a6643b-8efe-405b-a860-c4274d666061",
        "title": "Small",
        "uom": "2c115f6a-59d9-4d88-a553-f8796f9228e4",
        "unit": "30bdd245-12a3-419f-b5a4-ed702e4e52d9",
        "mrp": "500.00",
        "price": "499.00",
        "opening_stock": "10.00",
        "stock": "9.00",
        "gender": "10",
        "age_group": "all",
        "person_type": null,
        "is_default": false,
        "color": "b6bdce7e-553e-401d-8b77-a77a00bc09f8",
        "brand": "14419305-e6fe-4f89-8ed9-0b4189d878a3"
    }
},
{
    "model": "products.productvariant",
    "pk": "59b021ab-128d-4fcd-a5d7-ec7197611e41",
    "fields": {
        "auto_id": 26,
        "creator": 1,
        "updater": 1,
        "date_added": "2022-04-18T06:54:58Z",
        "date_updated": "2022-04-18T06:54:58Z",
        "is_deleted": false,
        "product": "503baf3e-bbae-4c81-bc6c-07dfa220f6ef",
        "title": "50",
        "uom": "6ac5dac6-4755-4bb5-a8c6-594a231351c8",
        "unit": "778775d1-6de8-4375-b77a-1aa80bbb4aac",
        "mrp": "5000.00",
        "price": "4999.00",
        "opening_stock": "0.00",
        "stock": "-1.00",
        "gender": "10",
        "age_group": "all",
        "person_type": null,
        "is_default": false,
        "color": null,
        "brand": null
    }
},
{
    "model": "products.productvariant",
    "pk": "5d9ac968-be80-49d3-824b-8bd52911ec25",
    "fields": {
        "auto_id": 14,
        "creator": 1,
        "updater": 1,
        "date_added": "2022-03-23T12:26:01.741Z",
        "date_updated": "2022-03-23T12:26:01.741Z",
        "is_deleted": false,
        "product": "5da6044d-ef3f-4d7c-94ef-6c1fd83a1b24",
        "title": "Teddy L",
        "uom": "aca47926-5321-41d5-a78c-2a1cff194d02",
        "unit": "9db5d3e8-bcc9-487c-a757-ec47892f3124",
        "mrp": "500.00",
        "price": "499.00",
        "opening_stock": "20.00",
        "stock": "20.00",
        "gender": "10",
        "age_group": "all",
        "person_type": null,
        "is_default": false,
        "color": "371d18d9-70cc-4895-9ad8-eb0bef3bd576",
        "brand": "14419305-e6fe-4f89-8ed9-0b4189d878a3"
    }
},
{
    "model": "products.productvariant",
    "pk": "645e0bfc-7760-4600-98f0-28c56b16bbb8",
    "fields": {
        "auto_id": 7,
        "creator": 1,
        "updater": 1,
        "date_added": "2022-03-23T10:29:00.990Z",
        "date_updated": "2022-04-06T05:55:25.415Z",
        "is_deleted": false,
        "product": "5da6044d-ef3f-4d7c-94ef-6c1fd83a1b24",
        "title": "Teddy",
        "uom": "2c115f6a-59d9-4d88-a553-f8796f9228e4",
        "unit": "30bdd245-12a3-419f-b5a4-ed702e4e52d9",
        "mrp": "200.00",
        "price": "160.00",
        "opening_stock": "20.00",
        "stock": "18.00",
        "gender": "20",
        "age_group": "all",
        "person_type": null,
        "is_default": true,
        "color": "b6bdce7e-553e-401d-8b77-a77a00bc09f8",
        "brand": "32e25e50-85c6-4b4d-a2f1-634e9744b0a9"
    }
},
{
    "model": "products.productvariant",
    "pk": "6810e8b8-7644-4c0a-9493-9c5ecfb84588",
    "fields": {
        "auto_id": 16,
        "creator": 1,
        "updater": 1,
        "date_added": "2022-03-23T12:28:57.116Z",
        "date_updated": "2022-04-05T11:52:36.637Z",
        "is_deleted": false,
        "product": "73d87d00-7d4b-4590-a7fb-2da8cb5fb047",
        "title": "S",
        "uom": "2c115f6a-59d9-4d88-a553-f8796f9228e4",
        "unit": "30bdd245-12a3-419f-b5a4-ed702e4e52d9",
        "mrp": "700.00",
        "price": "699.00",
        "opening_stock": "56.00",
        "stock": "56.00",
        "gender": "10",
        "age_group": "all",
        "person_type": null,
        "is_default": true,
        "color": "b6bdce7e-553e-401d-8b77-a77a00bc09f8",
        "brand": "b91f7da1-1aa1-49cf-b880-598b1998dd73"
    }
},
{
    "model": "products.productvariant",
    "pk": "6e3a2a91-039c-45a6-91c3-8a1154911890",
    "fields": {
        "auto_id": 13,
        "creator": 1,
        "updater": 1,
        "date_added": "2022-03-23T12:24:26.058Z",
        "date_updated": "2022-04-06T05:31:27.611Z",
        "is_deleted": true,
        "product": "d2e6a9f1-a227-463a-951a-d82b87031d85",
        "title": "8",
        "uom": "d10b0072-6ab9-427b-a79e-50ed4e0f80a5",
        "unit": "02605b8d-a8b5-4969-8416-a185eb032c14",
        "mrp": "1000.00",
        "price": "999.00",
        "opening_stock": "10.00",
        "stock": "10.00",
        "gender": "10",
        "age_group": "all",
        "person_type": null,
        "is_default": false,
        "color": "c432dedc-bc2a-42c1-830b-94e9b691f1c1",
        "brand": "84098c23-4ada-40a0-99e5-49f72dc40e73"
    }
},
{
    "model": "products.productvariant",
    "pk": "712009d1-9dc5-4e86-879a-208ea3981517",
    "fields": {
        "auto_id": 21,
        "creator": 1,
        "updater": 1,
        "date_added": "2022-04-05T10:23:32.855Z",
        "date_updated": "2022-04-18T06:58:03.569Z",
        "is_deleted": false,
        "product": "503baf3e-bbae-4c81-bc6c-07dfa220f6ef",
        "title": "125ML",
        "uom": "2c115f6a-59d9-4d88-a553-f8796f9228e4",
        "unit": "30bdd245-12a3-419f-b5a4-ed702e4e52d9",
        "mrp": "1250.00",
        "price": "1500.00",
        "opening_stock": "0.00",
        "stock": "6.00",
        "gender": "10",
        "age_group": "all",
        "person_type": null,
        "is_default": true,
        "color": null,
        "brand": null
    }
},
{
    "model": "products.productvariant",
    "pk": "82430f89-63cc-466e-9eb3-83fcd46cd3bc",
    "fields": {
        "auto_id": 28,
        "creator": 1,
        "updater": 1,
        "date_added": "2022-04-26T07:17:04.413Z",
        "date_updated": "2022-04-26T07:17:04.413Z",
        "is_deleted": false,
        "product": "e82586e4-1b15-4e69-b539-3a4be2e3b2df",
        "title": "Wallet",
        "uom": "d10b0072-6ab9-427b-a79e-50ed4e0f80a5",
        "unit": "86c4665a-7735-49d8-acd3-90a875493da0",
        "mrp": "500.00",
        "price": "450.00",
        "opening_stock": "10.00",
        "stock": "8.00",
        "gender": "10",
        "age_group": "40",
        "person_type": null,
        "is_default": true,
        "color": "ff00690d-ae4e-4de5-b613-437819e5db78",
        "brand": "820fc347-5480-4440-8653-90a65c0f25f8"
    }
},
{
    "model": "products.productvariant",
    "pk": "826bebb0-1fc6-4e36-8acd-a68df0fa37a3",
    "fields": {
        "auto_id": 34,
        "creator": 1,
        "updater": 1,
        "date_added": "2022-06-08T07:18:36.366Z",
        "date_updated": "2022-07-15T07:03:34.759Z",
        "is_deleted": false,
        "product": "17d76b91-bb0f-4dd5-b1eb-4d21bc61f973",
        "title": "Earbuds",
        "uom": "6ac5dac6-4755-4bb5-a8c6-594a231351c8",
        "unit": "879dc547-8739-4336-aa55-09ada0f39c7d",
        "mrp": "2199.00",
        "price": "1500.00",
        "opening_stock": "5.00",
        "stock": "10.00",
        "gender": "10",
        "age_group": "30",
        "person_type": null,
        "is_default": false,
        "color": "3a5bed21-ffcb-4848-b3b7-6ed920af461b",
        "brand": "364cb5ea-b71a-49bc-b32d-dc84b8a0d348"
    }
},
{
    "model": "products.productvariant",
    "pk": "852f7d79-99d2-40ef-8254-7bf934fb447e",
    "fields": {
        "auto_id": 36,
        "creator": 1,
        "updater": 1,
        "date_added": "2022-06-23T05:31:22.124Z",
        "date_updated": "2022-06-23T05:31:22.124Z",
        "is_deleted": false,
        "product": "55795658-22cc-457b-872f-e61eeaba78b9",
        "title": "Earbuds",
        "uom": "e21d4d3e-2204-4f79-a1fb-f963827e28bc",
        "unit": "86c4665a-7735-49d8-acd3-90a875493da0",
        "mrp": "1200.00",
        "price": "950.00",
        "opening_stock": "5.00",
        "stock": "4.00",
        "gender": "10",
        "age_group": "30",
        "person_type": null,
        "is_default": true,
        "color": "7238db21-f78d-4263-8a94-cdcbf3b31103",
        "brand": "8b18b582-595b-4d06-b27d-ae56cb8349b8"
    }
},
{
    "model": "products.productvariant",
    "pk": "893f66c4-cb0e-4e2f-b9de-386ec0e73c77",
    "fields": {
        "auto_id": 15,
        "creator": 1,
        "updater": 1,
        "date_added": "2022-03-23T12:28:11.803Z",
        "date_updated": "2022-04-05T11:53:08.012Z",
        "is_deleted": false,
        "product": "73d87d00-7d4b-4590-a7fb-2da8cb5fb047",
        "title": "B",
        "uom": "5b418fa4-49fc-424b-a7be-9555eb94ea91",
        "unit": "1c1b35e0-1d18-497b-8264-3b591f592399",
        "mrp": "600.00",
        "price": "570.00",
        "opening_stock": "56.00",
        "stock": "56.00",
        "gender": "20",
        "age_group": "all",
        "person_type": null,
        "is_default": false,
        "color": "371d18d9-70cc-4895-9ad8-eb0bef3bd576",
        "brand": "b91f7da1-1aa1-49cf-b880-598b1998dd73"
    }
},
{
    "model": "products.productvariant",
    "pk": "8e711675-22eb-4fa9-8dc8-8bf3037f2afa",
    "fields": {
        "auto_id": 22,
        "creator": 1,
        "updater": 1,
        "date_added": "2022-04-05T11:56:10.387Z",
        "date_updated": "2022-04-19T10:49:04.661Z",
        "is_deleted": false,
        "product": "d2e6a9f1-a227-463a-951a-d82b87031d85",
        "title": "8",
        "uom": "d10b0072-6ab9-427b-a79e-50ed4e0f80a5",
        "unit": "fd9e1573-51cf-4b1f-a085-a64b504851bd",
        "mrp": "2000.00",
        "price": "995.00",
        "opening_stock": "0.00",
        "stock": "-2.00",
        "gender": "20",
        "age_group": "all",
        "person_type": null,
        "is_default": true,
        "color": "cfae42f1-76dd-4b6f-8c2f-4d22ae87ab12",
        "brand": null
    }
},
{
    "model": "products.productvariant",
    "pk": "9163c721-d353-4d0c-acb8-8b2b71f8f88f",
    "fields": {
        "auto_id": 11,
        "creator": 1,
        "updater": 1,
        "date_added": "2022-03-23T12:20:37.342Z",
        "date_updated": "2022-04-06T06:00:06.699Z",
        "is_deleted": false,
        "product": "d5fcf4fa-36aa-4d38-b69d-9e790f1855d0",
        "title": "Wedding Card S",
        "uom": "2c115f6a-59d9-4d88-a553-f8796f9228e4",
        "unit": "30bdd245-12a3-419f-b5a4-ed702e4e52d9",
        "mrp": "420.00",
        "price": "411.00",
        "opening_stock": "20.00",
        "stock": "20.00",
        "gender": "20",
        "age_group": "all",
        "person_type": null,
        "is_default": true,
        "color": "b6bdce7e-553e-401d-8b77-a77a00bc09f8",
        "brand": "b91f7da1-1aa1-49cf-b880-598b1998dd73"
    }
},
{
    "model": "products.productvariant",
    "pk": "986601e1-c003-41c3-8b6a-b85bbf580f4f",
    "fields": {
        "auto_id": 1,
        "creator": 1,
        "updater": 1,
        "date_added": "2022-03-23T07:25:31.143Z",
        "date_updated": "2022-03-23T07:25:31.143Z",
        "is_deleted": false,
        "product": "f20aa79b-f0d7-41ed-bf04-02b6d1023ab2",
        "title": "M Wood Round Wall Clock",
        "uom": "aca47926-5321-41d5-a78c-2a1cff194d02",
        "unit": "9db5d3e8-bcc9-487c-a757-ec47892f3124",
        "mrp": "550.00",
        "price": "530.00",
        "opening_stock": "20.00",
        "stock": "20.00",
        "gender": "20",
        "age_group": "all",
        "person_type": null,
        "is_default": true,
        "color": "b6bdce7e-553e-401d-8b77-a77a00bc09f8",
        "brand": "b91f7da1-1aa1-49cf-b880-598b1998dd73"
    }
},
{
    "model": "products.productvariant",
    "pk": "a7edfe26-2235-4c7f-b523-65b85ea47a5a",
    "fields": {
        "auto_id": 30,
        "creator": 1,
        "updater": 1,
        "date_added": "2022-05-03T07:42:00.439Z",
        "date_updated": "2022-05-13T09:30:11.105Z",
        "is_deleted": false,
        "product": "bca38313-a5ab-45c8-95a0-8603df19c12e",
        "title": "dairy milk",
        "uom": "f449acc5-b952-45e3-92d4-b5be4c9fc5ad",
        "unit": "879dc547-8739-4336-aa55-09ada0f39c7d",
        "mrp": "170.00",
        "price": "145.00",
        "opening_stock": "2.00",
        "stock": "50.00",
        "gender": "10",
        "age_group": "40",
        "person_type": null,
        "is_default": false,
        "color": "9cd32e6e-da1a-4214-982b-6dcbbabad01e",
        "brand": "4a89f69b-3bec-4b7e-90bb-5bbd9da57237"
    }
},
{
    "model": "products.productvariant",
    "pk": "b4f05dca-b15d-4e8b-b24b-130232a207ef",
    "fields": {
        "auto_id": 33,
        "creator": 1,
        "updater": 1,
        "date_added": "2022-05-20T06:06:34.512Z",
        "date_updated": "2022-05-20T06:06:34.512Z",
        "is_deleted": false,
        "product": "dc93d30a-122d-4c4e-b751-504cc77726ba",
        "title": "Headset",
        "uom": "520c2580-3bb5-42aa-b857-7a20a1fb140f",
        "unit": "86c4665a-7735-49d8-acd3-90a875493da0",
        "mrp": "2999.00",
        "price": "2149.00",
        "opening_stock": "5.00",
        "stock": "4.00",
        "gender": "10",
        "age_group": "30",
        "person_type": null,
        "is_default": true,
        "color": "716ed9fd-dfe1-4e13-be9e-8bc4fc3eb918",
        "brand": "6206e9a7-dd0d-4e79-9550-f7199e927931"
    }
},
{
    "model": "products.productvariant",
    "pk": "b9dc1156-3d45-47c6-a576-75fbd378df38",
    "fields": {
        "auto_id": 4,
        "creator": 1,
        "updater": 1,
        "date_added": "2022-03-23T08:27:07.878Z",
        "date_updated": "2022-04-05T11:49:12.299Z",
        "is_deleted": false,
        "product": "f2640711-dad9-427c-bb41-60b070474920",
        "title": "S",
        "uom": "aca47926-5321-41d5-a78c-2a1cff194d02",
        "unit": "9db5d3e8-bcc9-487c-a757-ec47892f3124",
        "mrp": "1000.00",
        "price": "900.00",
        "opening_stock": "20.00",
        "stock": "19.00",
        "gender": "20",
        "age_group": "all",
        "person_type": null,
        "is_default": false,
        "color": "371d18d9-70cc-4895-9ad8-eb0bef3bd576",
        "brand": "32e25e50-85c6-4b4d-a2f1-634e9744b0a9"
    }
},
{
    "model": "products.productvariant",
    "pk": "c256fa08-743c-466e-8282-a9084529b8da",
    "fields": {
        "auto_id": 31,
        "creator": 1,
        "updater": 1,
        "date_added": "2022-05-03T08:08:10.942Z",
        "date_updated": "2022-05-03T08:20:17.826Z",
        "is_deleted": false,
        "product": "f604f219-142c-4989-a547-a6c755d990d7",
        "title": "Bag",
        "uom": "520c2580-3bb5-42aa-b857-7a20a1fb140f",
        "unit": "879dc547-8739-4336-aa55-09ada0f39c7d",
        "mrp": "1600.00",
        "price": "1429.00",
        "opening_stock": "2.00",
        "stock": "1.00",
        "gender": "10",
        "age_group": "40",
        "person_type": null,
        "is_default": false,
        "color": "eec9b218-c1fc-4f09-9ba1-c17e14463009",
        "brand": "555a1acd-3c7f-4324-90fe-77a2db654e9a"
    }
},
{
    "model": "products.productvariant",
    "pk": "c60269bf-7f43-4253-96ba-f20805afefb0",
    "fields": {
        "auto_id": 12,
        "creator": 1,
        "updater": 1,
        "date_added": "2022-03-23T12:23:53.660Z",
        "date_updated": "2022-04-06T05:32:05.887Z",
        "is_deleted": false,
        "product": "d2e6a9f1-a227-463a-951a-d82b87031d85",
        "title": "9",
        "uom": "d10b0072-6ab9-427b-a79e-50ed4e0f80a5",
        "unit": "5c8dadcd-b91e-4bc1-99d4-f416d16bde54",
        "mrp": "1000.00",
        "price": "999.00",
        "opening_stock": "10.00",
        "stock": "7.00",
        "gender": "20",
        "age_group": "all",
        "person_type": null,
        "is_default": false,
        "color": "cfae42f1-76dd-4b6f-8c2f-4d22ae87ab12",
        "brand": "84098c23-4ada-40a0-99e5-49f72dc40e73"
    }
},
{
    "model": "products.productvariant",
    "pk": "c79adc4e-dafc-4fb4-9b17-d8cacebf2b46",
    "fields": {
        "auto_id": 10,
        "creator": 1,
        "updater": 1,
        "date_added": "2022-03-23T12:19:50.745Z",
        "date_updated": "2022-03-23T12:19:50.745Z",
        "is_deleted": false,
        "product": "d5fcf4fa-36aa-4d38-b69d-9e790f1855d0",
        "title": "Wedding Card L",
        "uom": "aca47926-5321-41d5-a78c-2a1cff194d02",
        "unit": "9db5d3e8-bcc9-487c-a757-ec47892f3124",
        "mrp": "750.00",
        "price": "700.00",
        "opening_stock": "10.00",
        "stock": "9.00",
        "gender": "30",
        "age_group": "all",
        "person_type": null,
        "is_default": false,
        "color": "371d18d9-70cc-4895-9ad8-eb0bef3bd576",
        "brand": "32e25e50-85c6-4b4d-a2f1-634e9744b0a9"
    }
},
{
    "model": "products.productvariant",
    "pk": "ccdc9c35-b5fb-4577-94f7-f74559984416",
    "fields": {
        "auto_id": 25,
        "creator": 1,
        "updater": 1,
        "date_added": "2022-04-06T07:18:17.488Z",
        "date_updated": "2022-04-06T07:18:17.488Z",
        "is_deleted": false,
        "product": "3f896f39-2cdb-46f0-9d3e-8d1869d2b412",
        "title": "Delight",
        "uom": "f840478d-57b5-4bc1-bb6c-76c6b882b815",
        "unit": "778775d1-6de8-4375-b77a-1aa80bbb4aac",
        "mrp": "849.00",
        "price": "500.00",
        "opening_stock": "0.00",
        "stock": "0.00",
        "gender": "10",
        "age_group": "all",
        "person_type": null,
        "is_default": true,
        "color": "b6bdce7e-553e-401d-8b77-a77a00bc09f8",
        "brand": null
    }
},
{
    "model": "products.productvariant",
    "pk": "cf5a4669-aa1f-40ab-a001-f2d6f849fb1a",
    "fields": {
        "auto_id": 19,
        "creator": 1,
        "updater": 1,
        "date_added": "2022-03-23T12:37:43.383Z",
        "date_updated": "2022-04-19T10:41:55.208Z",
        "is_deleted": false,
        "product": "9ee7f602-27c4-4c85-81f4-fd51b5257730",
        "title": "500 gm",
        "uom": "f840478d-57b5-4bc1-bb6c-76c6b882b815",
        "unit": "778775d1-6de8-4375-b77a-1aa80bbb4aac",
        "mrp": "600.00",
        "price": "600.00",
        "opening_stock": "67.00",
        "stock": "67.00",
        "gender": "20",
        "age_group": "all",
        "person_type": null,
        "is_default": false,
        "color": "371d18d9-70cc-4895-9ad8-eb0bef3bd576",
        "brand": "32e25e50-85c6-4b4d-a2f1-634e9744b0a9"
    }
},
{
    "model": "products.productvariant",
    "pk": "eea5d84c-f2b5-43a5-9389-3ca84395e10e",
    "fields": {
        "auto_id": 2,
        "creator": 1,
        "updater": 1,
        "date_added": "2022-03-23T08:20:46.537Z",
        "date_updated": "2022-04-28T11:10:40.254Z",
        "is_deleted": false,
        "product": "4e3947b8-30b9-4490-b4b0-846cda9749b6",
        "title": "1KG",
        "uom": "520c2580-3bb5-42aa-b857-7a20a1fb140f",
        "unit": "86c4665a-7735-49d8-acd3-90a875493da0",
        "mrp": "1000.00",
        "price": "899.00",
        "opening_stock": "10.00",
        "stock": "10.00",
        "gender": "10",
        "age_group": "all",
        "person_type": null,
        "is_default": false,
        "color": "f079c03a-7bf1-415e-bcc1-9e2e9e266f23",
        "brand": "14419305-e6fe-4f89-8ed9-0b4189d878a3"
    }
},
{
    "model": "products.productvariant",
    "pk": "f3fe3259-936d-49b1-8657-9e101482ccba",
    "fields": {
        "auto_id": 17,
        "creator": 1,
        "updater": 1,
        "date_added": "2022-03-23T12:34:02.833Z",
        "date_updated": "2022-04-05T12:01:27.372Z",
        "is_deleted": true,
        "product": "07fcecf7-f4fc-41dd-9e1b-78b9784a8224",
        "title": "500",
        "uom": "ec00cee6-4ead-497b-920d-3d109c2813c6",
        "unit": "ded4338e-8db8-4dac-95d0-165a58d3e4d4",
        "mrp": "3200.00",
        "price": "2999.00",
        "opening_stock": "20.00",
        "stock": "18.00",
        "gender": "10",
        "age_group": "all",
        "person_type": null,
        "is_default": true,
        "color": "c432dedc-bc2a-42c1-830b-94e9b691f1c1",
        "brand": "32e25e50-85c6-4b4d-a2f1-634e9744b0a9"
    }
},
{
    "model": "products.productvariant",
    "pk": "f8bb6df8-21ad-4bff-8296-0d03c12f2d38",
    "fields": {
        "auto_id": 24,
        "creator": 1,
        "updater": 1,
        "date_added": "2022-04-06T05:05:08.026Z",
        "date_updated": "2022-04-19T10:46:58.631Z",
        "is_deleted": false,
        "product": "a6161153-5dcf-432b-b8a8-5e26e4dcecd1",
        "title": "250",
        "uom": "f840478d-57b5-4bc1-bb6c-76c6b882b815",
        "unit": "7fc64873-ee21-4f9a-a828-9c5119255fc2",
        "mrp": "975.00",
        "price": "499.00",
        "opening_stock": "0.00",
        "stock": "-1.00",
        "gender": "10",
        "age_group": "all",
        "person_type": null,
        "is_default": false,
        "color": null,
        "brand": null
    }
},
{
    "model": "products.productvariant",
    "pk": "fa46d95d-4898-4624-96b8-dd025f51f1fd",
    "fields": {
        "auto_id": 3,
        "creator": 1,
        "updater": 1,
        "date_added": "2022-03-23T08:21:33.520Z",
        "date_updated": "2022-04-28T11:02:01.910Z",
        "is_deleted": false,
        "product": "4e3947b8-30b9-4490-b4b0-846cda9749b6",
        "title": "500",
        "uom": "5de3a169-3084-4abe-a0c7-91fdbce1fa41",
        "unit": "778775d1-6de8-4375-b77a-1aa80bbb4aac",
        "mrp": "1000.00",
        "price": "990.00",
        "opening_stock": "10.00",
        "stock": "1.00",
        "gender": "10",
        "age_group": "all",
        "person_type": null,
        "is_default": true,
        "color": "371d18d9-70cc-4895-9ad8-eb0bef3bd576",
        "brand": "14419305-e6fe-4f89-8ed9-0b4189d878a3"
    }
},
{
    "model": "products.productvariant",
    "pk": "fd3500a3-8c29-4342-bfd0-2a69a6112581",
    "fields": {
        "auto_id": 29,
        "creator": 1,
        "updater": 1,
        "date_added": "2022-04-28T11:08:04.670Z",
        "date_updated": "2022-04-28T11:08:04.670Z",
        "is_deleted": false,
        "product": "4e3947b8-30b9-4490-b4b0-846cda9749b6",
        "title": "vancho",
        "uom": "f840478d-57b5-4bc1-bb6c-76c6b882b815",
        "unit": "778775d1-6de8-4375-b77a-1aa80bbb4aac",
        "mrp": "1299.00",
        "price": "1100.00",
        "opening_stock": "0.00",
        "stock": "0.00",
        "gender": "10",
        "age_group": "all",
        "person_type": null,
        "is_default": false,
        "color": null,
        "brand": null
    }
},
{
    "model": "products.productvariant",
    "pk": "fe6c13f6-9ca7-4c1f-ab28-9c36b8d26ba1",
    "fields": {
        "auto_id": 6,
        "creator": 1,
        "updater": 1,
        "date_added": "2022-03-23T10:24:40.888Z",
        "date_updated": "2022-04-19T10:44:03.021Z",
        "is_deleted": false,
        "product": "e0a6643b-8efe-405b-a860-c4274d666061",
        "title": "Large",
        "uom": "aca47926-5321-41d5-a78c-2a1cff194d02",
        "unit": "9db5d3e8-bcc9-487c-a757-ec47892f3124",
        "mrp": "200.00",
        "price": "170.00",
        "opening_stock": "20.00",
        "stock": "19.00",
        "gender": "20",
        "age_group": "all",
        "person_type": null,
        "is_default": false,
        "color": "f079c03a-7bf1-415e-bcc1-9e2e9e266f23",
        "brand": "14419305-e6fe-4f89-8ed9-0b4189d878a3"
    }
},
{
    "model": "products.productimage",
    "pk": "02763f2e-7a91-447d-8420-b25b586f5e16",
    "fields": {
        "auto_id": 8,
        "creator": 1,
        "updater": 1,
        "date_added": "2022-04-06T05:12:26.182Z",
        "date_updated": "2022-04-06T05:12:26.182Z",
        "is_deleted": false,
        "product_variant": "f8bb6df8-21ad-4bff-8296-0d03c12f2d38",
        "feautured_image": "products/products/images/download_15.jpg"
    }
},
{
    "model": "products.productimage",
    "pk": "0581b8a2-9a7f-40ba-ae96-84f3f4ad6f9c",
    "fields": {
        "auto_id": 39,
        "creator": 1,
        "updater": 1,
        "date_added": "2022-04-28T11:40:14.119Z",
        "date_updated": "2022-04-28T11:40:14.119Z",
        "is_deleted": true,
        "product_variant": "fd3500a3-8c29-4342-bfd0-2a69a6112581",
        "feautured_image": "products/products/images/download_23_6Dm71S6.jpg"
    }
},
{
    "model": "products.productimage",
    "pk": "07ee3fb1-1b66-476d-8f90-f1bbad8972f0",
    "fields": {
        "auto_id": 36,
        "creator": 1,
        "updater": 1,
        "date_added": "2022-04-28T11:40:14.102Z",
        "date_updated": "2022-04-28T11:40:14.102Z",
        "is_deleted": true,
        "product_variant": "fd3500a3-8c29-4342-bfd0-2a69a6112581",
        "feautured_image": "products/products/images/images_9_S9vkNMG.jpg"
    }
},
{
    "model": "products.productimage",
    "pk": "0a5af23b-ad6e-425e-9ad1-f4560a79d27f",
    "fields": {
        "auto_id": 5,
        "creator": 1,
        "updater": 1,
        "date_added": "2022-03-23T11:34:12.705Z",
        "date_updated": "2022-03-23T11:34:12.705Z",
        "is_deleted": false,
        "product_variant": "fa46d95d-4898-4624-96b8-dd025f51f1fd",
        "feautured_image": "products/products/images/photo-1626263468007-a9e0cf83f1ac_jwFKG0j.jpg"
    }
},
{
    "model": "products.productimage",
    "pk": "179f7d69-f2aa-4962-8b05-c83852fb1587",
    "fields": {
        "auto_id": 24,
        "creator": 1,
        "updater": 1,
        "date_added": "2022-04-06T09:35:47.601Z",
        "date_updated": "2022-04-06T09:35:47.601Z",
        "is_deleted": false,
        "product_variant": "fe6c13f6-9ca7-4c1f-ab28-9c36b8d26ba1",
        "feautured_image": "products/products/images/download_21.jpg"
    }
},
{
    "model": "products.productimage",
    "pk": "17f93a72-18b2-4a98-a8c4-538eaa8a687f",
    "fields": {
        "auto_id": 46,
        "creator": 1,
        "updater": 1,
        "date_added": "2022-07-27T08:46:37.895Z",
        "date_updated": "2022-07-27T08:46:37.895Z",
        "is_deleted": false,
        "product_variant": "0e815c02-e462-4f93-a5ed-76517ae6895f",
        "feautured_image": "products/products/images/test1.png"
    }
},
{
    "model": "products.productimage",
    "pk": "1b183ebb-2cd4-4249-ac86-b7a5ad2a471f",
    "fields": {
        "auto_id": 22,
        "creator": 1,
        "updater": 1,
        "date_added": "2022-04-06T07:20:43.270Z",
        "date_updated": "2022-04-06T07:20:43.270Z",
        "is_deleted": false,
        "product_variant": "ccdc9c35-b5fb-4577-94f7-f74559984416",
        "feautured_image": "products/products/images/download_20.jpg"
    }
},
{
    "model": "products.productimage",
    "pk": "1ed93932-a75d-4f43-a916-c3deda898c4c",
    "fields": {
        "auto_id": 35,
        "creator": 1,
        "updater": 1,
        "date_added": "2022-04-28T11:40:14.097Z",
        "date_updated": "2022-04-28T11:40:14.097Z",
        "is_deleted": true,
        "product_variant": "fd3500a3-8c29-4342-bfd0-2a69a6112581",
        "feautured_image": "products/products/images/images_10_MUMLNmq.jpg"
    }
},
{
    "model": "products.productimage",
    "pk": "20bfd0b0-94d0-40ce-8029-a88aa55c3802",
    "fields": {
        "auto_id": 30,
        "creator": 1,
        "updater": 1,
        "date_added": "2022-04-28T11:29:44.041Z",
        "date_updated": "2022-04-28T11:29:44.041Z",
        "is_deleted": false,
        "product_variant": "fd3500a3-8c29-4342-bfd0-2a69a6112581",
        "feautured_image": "products/products/images/images_10.jpg"
    }
},
{
    "model": "products.productimage",
    "pk": "22927bde-62a9-4e39-bece-edee589f60b1",
    "fields": {
        "auto_id": 2,
        "creator": 1,
        "updater": 1,
        "date_added": "2022-03-23T11:32:01.975Z",
        "date_updated": "2022-03-23T11:32:01.975Z",
        "is_deleted": true,
        "product_variant": "fa46d95d-4898-4624-96b8-dd025f51f1fd",
        "feautured_image": "products/products/images/photo-1626263468007-a9e0cf83f1ac_utiH8rr.jpg"
    }
},
{
    "model": "products.productimage",
    "pk": "2349e78a-d928-4925-8ce0-b52df69388dd",
    "fields": {
        "auto_id": 37,
        "creator": 1,
        "updater": 1,
        "date_added": "2022-04-28T11:40:14.107Z",
        "date_updated": "2022-04-28T11:40:14.107Z",
        "is_deleted": true,
        "product_variant": "fd3500a3-8c29-4342-bfd0-2a69a6112581",
        "feautured_image": "products/products/images/download_24.jpg"
    }
},
{
    "model": "products.productimage",
    "pk": "267e172d-1141-4c42-9f0b-44551cce7d63",
    "fields": {
        "auto_id": 32,
        "creator": 1,
        "updater": 1,
        "date_added": "2022-04-28T11:29:44.051Z",
        "date_updated": "2022-04-28T11:29:44.051Z",
        "is_deleted": true,
        "product_variant": "fd3500a3-8c29-4342-bfd0-2a69a6112581",
        "feautured_image": "products/products/images/images_9_7FD43Yb.jpg"
    }
},
{
    "model": "products.productimage",
    "pk": "2a1f6017-813c-4688-b821-b15e59412f51",
    "fields": {
        "auto_id": 11,
        "creator": 1,
        "updater": 1,
        "date_added": "2022-04-06T05:13:12.070Z",
        "date_updated": "2022-04-06T05:13:12.070Z",
        "is_deleted": false,
        "product_variant": "1f305f27-8400-493c-a123-58987d50af0e",
        "feautured_image": "products/products/images/images_5.jpg"
    }
},
{
    "model": "products.productimage",
    "pk": "31948ecc-896d-47af-8d80-f5fda60788ca",
    "fields": {
        "auto_id": 15,
        "creator": 1,
        "updater": 1,
        "date_added": "2022-04-06T05:35:47.829Z",
        "date_updated": "2022-04-06T05:35:47.829Z",
        "is_deleted": false,
        "product_variant": "1f305f27-8400-493c-a123-58987d50af0e",
        "feautured_image": "products/products/images/images_3_hlBavYV.jpg"
    }
},
{
    "model": "products.productimage",
    "pk": "3dbb29f9-51f2-4e06-a94d-f9f06a7569bc",
    "fields": {
        "auto_id": 21,
        "creator": 1,
        "updater": 1,
        "date_added": "2022-04-06T07:20:43.265Z",
        "date_updated": "2022-04-06T07:20:43.265Z",
        "is_deleted": false,
        "product_variant": "ccdc9c35-b5fb-4577-94f7-f74559984416",
        "feautured_image": "products/products/images/images_7.jpg"
    }
},
{
    "model": "products.productimage",
    "pk": "3dbf22c9-540f-43bf-a89d-7f7fa7958c2d",
    "fields": {
        "auto_id": 1,
        "creator": 1,
        "updater": 1,
        "date_added": "2022-03-23T11:14:55.965Z",
        "date_updated": "2022-03-23T11:14:55.965Z",
        "is_deleted": false,
        "product_variant": "eea5d84c-f2b5-43a5-9389-3ca84395e10e",
        "feautured_image": "products/products/images/photo-1626263468007-a9e0cf83f1ac.jpg"
    }
},
{
    "model": "products.productimage",
    "pk": "4735709b-6494-4fbd-82e7-57a85f54595d",
    "fields": {
        "auto_id": 34,
        "creator": 1,
        "updater": 1,
        "date_added": "2022-04-28T11:40:14.090Z",
        "date_updated": "2022-04-28T11:40:14.090Z",
        "is_deleted": true,
        "product_variant": "fd3500a3-8c29-4342-bfd0-2a69a6112581",
        "feautured_image": "products/products/images/images_11_vclZtc0.jpg"
    }
},
{
    "model": "products.productimage",
    "pk": "4762c6df-d8ec-44b8-bf6f-77415fdf2235",
    "fields": {
        "auto_id": 26,
        "creator": 1,
        "updater": 1,
        "date_added": "2022-04-07T11:37:09.948Z",
        "date_updated": "2022-04-07T11:37:09.948Z",
        "is_deleted": false,
        "product_variant": "8e711675-22eb-4fa9-8dc8-8bf3037f2afa",
        "feautured_image": "products/products/images/download_22.jpg"
    }
},
{
    "model": "products.productimage",
    "pk": "4d8c8f35-f56e-4620-9338-bcf0020e5bce",
    "fields": {
        "auto_id": 40,
        "creator": 1,
        "updater": 1,
        "date_added": "2022-04-28T11:40:23.040Z",
        "date_updated": "2022-04-28T11:40:23.040Z",
        "is_deleted": true,
        "product_variant": "fd3500a3-8c29-4342-bfd0-2a69a6112581",
        "feautured_image": "products/products/images/images_11_BLSJEei.jpg"
    }
},
{
    "model": "products.productimage",
    "pk": "4fed6af4-eb8b-430a-a65d-33f56ebd22b3",
    "fields": {
        "auto_id": 6,
        "creator": 1,
        "updater": 1,
        "date_added": "2022-04-05T12:13:13.848Z",
        "date_updated": "2022-04-05T12:13:13.848Z",
        "is_deleted": false,
        "product_variant": "3e925c58-c7de-4c15-a069-141a007a56f5",
        "feautured_image": "products/products/images/download_14_P55uemH.jpg"
    }
},
{
    "model": "products.productimage",
    "pk": "50645a9a-ac6b-4679-bf29-b967b72cedbb",
    "fields": {
        "auto_id": 16,
        "creator": 1,
        "updater": 1,
        "date_added": "2022-04-06T05:39:24.464Z",
        "date_updated": "2022-04-06T05:39:24.464Z",
        "is_deleted": true,
        "product_variant": "6e3a2a91-039c-45a6-91c3-8a1154911890",
        "feautured_image": "products/products/images/download_4.jpg"
    }
},
{
    "model": "products.productimage",
    "pk": "5412de3a-15bb-40cd-bd2a-5d8e00bfa142",
    "fields": {
        "auto_id": 7,
        "creator": 1,
        "updater": 1,
        "date_added": "2022-04-06T05:10:02.568Z",
        "date_updated": "2022-04-06T05:10:02.568Z",
        "is_deleted": false,
        "product_variant": "f8bb6df8-21ad-4bff-8296-0d03c12f2d38",
        "feautured_image": "products/products/images/images_3.jpg"
    }
},
{
    "model": "products.productimage",
    "pk": "5b1566a3-6b48-4733-ac02-e1b5606411ff",
    "fields": {
        "auto_id": 42,
        "creator": 1,
        "updater": 1,
        "date_added": "2022-04-28T11:40:23.051Z",
        "date_updated": "2022-04-28T11:40:23.051Z",
        "is_deleted": false,
        "product_variant": "fd3500a3-8c29-4342-bfd0-2a69a6112581",
        "feautured_image": "products/products/images/images_9_gEu7QDT.jpg"
    }
},
{
    "model": "products.productimage",
    "pk": "5b656b5a-d0fd-4e3f-aeb7-373f32ff4c8d",
    "fields": {
        "auto_id": 3,
        "creator": 1,
        "updater": 1,
        "date_added": "2022-03-23T11:34:12.693Z",
        "date_updated": "2022-03-23T11:34:12.693Z",
        "is_deleted": false,
        "product_variant": "fa46d95d-4898-4624-96b8-dd025f51f1fd",
        "feautured_image": "products/products/images/download_14.jpg"
    }
},
{
    "model": "products.productimage",
    "pk": "5be79720-9a72-4d4f-97fb-f9b1be80dca9",
    "fields": {
        "auto_id": 28,
        "creator": 1,
        "updater": 1,
        "date_added": "2022-04-28T11:23:11.527Z",
        "date_updated": "2022-04-28T11:23:11.527Z",
        "is_deleted": true,
        "product_variant": "fd3500a3-8c29-4342-bfd0-2a69a6112581",
        "feautured_image": "products/products/images/download_22_QZdXmHt.jpg"
    }
},
{
    "model": "products.productimage",
    "pk": "60ad98ab-89d6-468a-ac98-d2c36e0e4f3e",
    "fields": {
        "auto_id": 44,
        "creator": 1,
        "updater": 1,
        "date_added": "2022-04-28T11:40:23.061Z",
        "date_updated": "2022-04-28T11:40:23.061Z",
        "is_deleted": false,
        "product_variant": "fd3500a3-8c29-4342-bfd0-2a69a6112581",
        "feautured_image": "products/products/images/download_22_k1gBBtc.jpg"
    }
},
{
    "model": "products.productimage",
    "pk": "66fc0c19-0d0e-47d1-8e60-4dc1c405e747",
    "fields": {
        "auto_id": 43,
        "creator": 1,
        "updater": 1,
        "date_added": "2022-04-28T11:40:23.056Z",
        "date_updated": "2022-04-28T11:40:23.056Z",
        "is_deleted": true,
        "product_variant": "fd3500a3-8c29-4342-bfd0-2a69a6112581",
        "feautured_image": "products/products/images/download_24_PC0yInl.jpg"
    }
},
{
    "model": "products.productimage",
    "pk": "691c143d-4dd0-4c0d-afc3-7bc6baa7cfc5",
    "fields": {
        "auto_id": 31,
        "creator": 1,
        "updater": 1,
        "date_added": "2022-04-28T11:29:44.046Z",
        "date_updated": "2022-04-28T11:29:44.046Z",
        "is_deleted": true,
        "product_variant": "fd3500a3-8c29-4342-bfd0-2a69a6112581",
        "feautured_image": "products/products/images/images_9.jpg"
    }
},
{
    "model": "products.productimage",
    "pk": "73c0683c-3e65-47f0-9613-03f4c4cad9ad",
    "fields": {
        "auto_id": 10,
        "creator": 1,
        "updater": 1,
        "date_added": "2022-04-06T05:13:12.064Z",
        "date_updated": "2022-04-06T05:13:12.064Z",
        "is_deleted": true,
        "product_variant": "1f305f27-8400-493c-a123-58987d50af0e",
        "feautured_image": "products/products/images/images_6.jpg"
    }
},
{
    "model": "products.productimage",
    "pk": "78ce0fd6-199b-47b5-a4bf-7536bf2a9ea3",
    "fields": {
        "auto_id": 25,
        "creator": 1,
        "updater": 1,
        "date_added": "2022-04-06T09:36:37.711Z",
        "date_updated": "2022-04-06T09:36:37.711Z",
        "is_deleted": false,
        "product_variant": "6810e8b8-7644-4c0a-9493-9c5ecfb84588",
        "feautured_image": "products/products/images/images_8.jpg"
    }
},
{
    "model": "products.productimage",
    "pk": "7f15e24e-bc4a-44d5-95d7-635e7a35fbf3",
    "fields": {
        "auto_id": 45,
        "creator": 1,
        "updater": 1,
        "date_added": "2022-04-28T11:40:23.069Z",
        "date_updated": "2022-04-28T11:40:23.069Z",
        "is_deleted": false,
        "product_variant": "fd3500a3-8c29-4342-bfd0-2a69a6112581",
        "feautured_image": "products/products/images/download_23_q7eeyOw.jpg"
    }
},
{
    "model": "products.productimage",
    "pk": "812dacb2-e123-4e42-8be1-f42173335948",
    "fields": {
        "auto_id": 33,
        "creator": 1,
        "updater": 1,
        "date_added": "2022-04-28T11:29:44.056Z",
        "date_updated": "2022-04-28T11:29:44.057Z",
        "is_deleted": true,
        "product_variant": "fd3500a3-8c29-4342-bfd0-2a69a6112581",
        "feautured_image": "products/products/images/download_23.jpg"
    }
},
{
    "model": "products.productimage",
    "pk": "821a53ab-9e77-421f-8e40-574124e8012b",
    "fields": {
        "auto_id": 41,
        "creator": 1,
        "updater": 1,
        "date_added": "2022-04-28T11:40:23.046Z",
        "date_updated": "2022-04-28T11:40:23.046Z",
        "is_deleted": true,
        "product_variant": "fd3500a3-8c29-4342-bfd0-2a69a6112581",
        "feautured_image": "products/products/images/images_10_PJ3pBG0.jpg"
    }
},
{
    "model": "products.productimage",
    "pk": "847ac286-2a6d-4218-8e28-80fb96b449a7",
    "fields": {
        "auto_id": 48,
        "creator": 1,
        "updater": 1,
        "date_added": "2022-07-27T08:46:37.933Z",
        "date_updated": "2022-07-27T08:46:57.780Z",
        "is_deleted": false,
        "product_variant": "0e815c02-e462-4f93-a5ed-76517ae6895f",
        "feautured_image": "products/products/images/product10.png"
    }
},
{
    "model": "products.productimage",
    "pk": "96476b78-c2a8-41fa-8ed6-753710a8fdd1",
    "fields": {
        "auto_id": 13,
        "creator": 1,
        "updater": 1,
        "date_added": "2022-04-06T05:35:47.819Z",
        "date_updated": "2022-04-06T05:35:47.819Z",
        "is_deleted": false,
        "product_variant": "1f305f27-8400-493c-a123-58987d50af0e",
        "feautured_image": "products/products/images/download_16_qcNx3eQ.jpg"
    }
},
{
    "model": "products.productimage",
    "pk": "9aa4f72c-03b7-4fbc-a59e-031d79c054dc",
    "fields": {
        "auto_id": 18,
        "creator": 1,
        "updater": 1,
        "date_added": "2022-04-06T05:57:37.078Z",
        "date_updated": "2022-04-06T05:57:37.078Z",
        "is_deleted": false,
        "product_variant": "645e0bfc-7760-4600-98f0-28c56b16bbb8",
        "feautured_image": "products/products/images/download_18.jpg"
    }
},
{
    "model": "products.productimage",
    "pk": "9e6b4854-5554-4a07-a1f4-22a3b1ed810d",
    "fields": {
        "auto_id": 14,
        "creator": 1,
        "updater": 1,
        "date_added": "2022-04-06T05:35:47.824Z",
        "date_updated": "2022-04-06T05:35:47.824Z",
        "is_deleted": false,
        "product_variant": "1f305f27-8400-493c-a123-58987d50af0e",
        "feautured_image": "products/products/images/download_15_Hcgnga0.jpg"
    }
},
{
    "model": "products.productimage",
    "pk": "a53f74f3-0dda-40ed-9096-4051a58224a1",
    "fields": {
        "auto_id": 12,
        "creator": 1,
        "updater": 1,
        "date_added": "2022-04-06T05:35:47.813Z",
        "date_updated": "2022-04-06T05:35:47.813Z",
        "is_deleted": true,
        "product_variant": "1f305f27-8400-493c-a123-58987d50af0e",
        "feautured_image": "products/products/images/images_6_cekXEHQ.jpg"
    }
},
{
    "model": "products.productimage",
    "pk": "bcf3d89e-c508-4dd5-8e86-666c24789019",
    "fields": {
        "auto_id": 49,
        "creator": 1,
        "updater": 1,
        "date_added": "2022-07-27T08:49:06.665Z",
        "date_updated": "2022-07-27T08:49:06.665Z",
        "is_deleted": false,
        "product_variant": "0e815c02-e462-4f93-a5ed-76517ae6895f",
        "feautured_image": "products/products/images/product7.png"
    }
},
{
    "model": "products.productimage",
    "pk": "bf6f0e01-9d10-4662-be36-30214b82a72b",
    "fields": {
        "auto_id": 27,
        "creator": 1,
        "updater": 1,
        "date_added": "2022-04-18T12:20:22.699Z",
        "date_updated": "2022-04-18T12:20:22.699Z",
        "is_deleted": false,
        "product_variant": "f3fe3259-936d-49b1-8657-9e101482ccba",
        "feautured_image": "products/products/images/wine.webp"
    }
},
{
    "model": "products.productimage",
    "pk": "c96df2ca-ed46-463f-861e-118657d7d6af",
    "fields": {
        "auto_id": 4,
        "creator": 1,
        "updater": 1,
        "date_added": "2022-03-23T11:34:12.700Z",
        "date_updated": "2022-03-23T11:34:12.700Z",
        "is_deleted": false,
        "product_variant": "fa46d95d-4898-4624-96b8-dd025f51f1fd",
        "feautured_image": "products/products/images/images_2.jpg"
    }
},
{
    "model": "products.productimage",
    "pk": "cf62ffae-36ab-4954-a5da-a999887908f2",
    "fields": {
        "auto_id": 9,
        "creator": 1,
        "updater": 1,
        "date_added": "2022-04-06T05:12:26.191Z",
        "date_updated": "2022-04-06T05:12:26.191Z",
        "is_deleted": false,
        "product_variant": "f8bb6df8-21ad-4bff-8296-0d03c12f2d38",
        "feautured_image": "products/products/images/download_16.jpg"
    }
},
{
    "model": "products.productimage",
    "pk": "d1198101-0ada-40f9-b750-280f7596457b",
    "fields": {
        "auto_id": 47,
        "creator": 1,
        "updater": 1,
        "date_added": "2022-07-27T08:46:37.919Z",
        "date_updated": "2022-07-27T08:46:37.919Z",
        "is_deleted": false,
        "product_variant": "0e815c02-e462-4f93-a5ed-76517ae6895f",
        "feautured_image": "products/products/images/scientific_equipment2.png"
    }
},
{
    "model": "products.productimage",
    "pk": "d488d76e-8203-4384-b468-85b1b7475810",
    "fields": {
        "auto_id": 38,
        "creator": 1,
        "updater": 1,
        "date_added": "2022-04-28T11:40:14.113Z",
        "date_updated": "2022-04-28T11:40:14.113Z",
        "is_deleted": true,
        "product_variant": "fd3500a3-8c29-4342-bfd0-2a69a6112581",
        "feautured_image": "products/products/images/download_22_wKGr18i.jpg"
    }
},
{
    "model": "products.productimage",
    "pk": "e1b08edd-559d-4c4b-94c8-f5cba5593a04",
    "fields": {
        "auto_id": 17,
        "creator": 1,
        "updater": 1,
        "date_added": "2022-04-06T05:40:28.064Z",
        "date_updated": "2022-04-06T05:40:28.064Z",
        "is_deleted": false,
        "product_variant": "712009d1-9dc5-4e86-879a-208ea3981517",
        "feautured_image": "products/products/images/perfume.jpg"
    }
},
{
    "model": "products.productimage",
    "pk": "e7f1bc9e-2859-4a8f-b296-5a88b302eebe",
    "fields": {
        "auto_id": 19,
        "creator": 1,
        "updater": 1,
        "date_added": "2022-04-06T05:57:37.087Z",
        "date_updated": "2022-04-06T05:57:37.087Z",
        "is_deleted": false,
        "product_variant": "645e0bfc-7760-4600-98f0-28c56b16bbb8",
        "feautured_image": "products/products/images/download_17.jpg"
    }
},
{
    "model": "products.productimage",
    "pk": "ecffb4e1-ee3d-427e-8948-60799af40385",
    "fields": {
        "auto_id": 20,
        "creator": 1,
        "updater": 1,
        "date_added": "2022-04-06T06:11:45.091Z",
        "date_updated": "2022-04-06T06:11:45.091Z",
        "is_deleted": false,
        "product_variant": "3e925c58-c7de-4c15-a069-141a007a56f5",
        "feautured_image": "products/products/images/images_2_pXee9Z6.jpg"
    }
},
{
    "model": "products.productimage",
    "pk": "f0af8c6c-12a1-4c98-9408-9f6aedc4ab8a",
    "fields": {
        "auto_id": 23,
        "creator": 1,
        "updater": 1,
        "date_added": "2022-04-06T07:20:43.275Z",
        "date_updated": "2022-04-06T07:20:43.275Z",
        "is_deleted": false,
        "product_variant": "ccdc9c35-b5fb-4577-94f7-f74559984416",
        "feautured_image": "products/products/images/download_19.jpg"
    }
},
{
    "model": "products.productimage",
    "pk": "f64e8907-6309-49f1-a342-13ff770b1ad6",
    "fields": {
        "auto_id": 29,
        "creator": 1,
        "updater": 1,
        "date_added": "2022-04-28T11:29:44.035Z",
        "date_updated": "2022-04-28T11:29:44.035Z",
        "is_deleted": true,
        "product_variant": "fd3500a3-8c29-4342-bfd0-2a69a6112581",
        "feautured_image": "products/products/images/images_11.jpg"
    }
},
{
    "model": "products.productforoccassion",
    "pk": "01d08920-50c2-478b-9e28-4cd002aa82fc",
    "fields": {
        "auto_id": 26,
        "creator": 1,
        "updater": 1,
        "date_added": "2022-05-20T06:07:44.558Z",
        "date_updated": "2022-06-23T05:03:55.017Z",
        "is_deleted": false,
        "product_variant": "b4f05dca-b15d-4e8b-b24b-130232a207ef",
        "occassion": "510446ce-10c9-4a39-b601-c417ca809ea8",
        "sub_occassion": "fc712ef0-4098-4055-ad66-7f3847917d8e",
        "person_type": "de0e559f-dd4e-422e-9760-e81a735be910"
    }
},
{
    "model": "products.productforoccassion",
    "pk": "037d3e6f-7dc6-47bd-ab59-9c83bf4c0b1e",
    "fields": {
        "auto_id": 14,
        "creator": 1,
        "updater": 1,
        "date_added": "2022-03-23T11:19:06.891Z",
        "date_updated": "2022-03-23T11:19:06.891Z",
        "is_deleted": true,
        "product_variant": "eea5d84c-f2b5-43a5-9389-3ca84395e10e",
        "occassion": "4e6332a3-2af1-40c8-80cc-ff8973ba468f",
        "sub_occassion": "fc712ef0-4098-4055-ad66-7f3847917d8e",
        "person_type": "12c8f1b9-f7c3-44b5-a50b-51a82addbeaa"
    }
},
{
    "model": "products.productforoccassion",
    "pk": "08e67f13-82b6-4674-a10b-79aa00953750",
    "fields": {
        "auto_id": 18,
        "creator": 1,
        "updater": 1,
        "date_added": "2022-03-31T07:14:53.994Z",
        "date_updated": "2022-03-31T07:16:21.606Z",
        "is_deleted": true,
        "product_variant": "fe6c13f6-9ca7-4c1f-ab28-9c36b8d26ba1",
        "occassion": "4e6332a3-2af1-40c8-80cc-ff8973ba468f",
        "sub_occassion": "fc712ef0-4098-4055-ad66-7f3847917d8e",
        "person_type": "de0e559f-dd4e-422e-9760-e81a735be910"
    }
},
{
    "model": "products.productforoccassion",
    "pk": "0bd3d5c9-a2db-4484-ae60-a3b84a8e32de",
    "fields": {
        "auto_id": 29,
        "creator": 1,
        "updater": 1,
        "date_added": "2022-06-23T05:32:07.495Z",
        "date_updated": "2022-06-23T05:32:07.495Z",
        "is_deleted": false,
        "product_variant": "826bebb0-1fc6-4e36-8acd-a68df0fa37a3",
        "occassion": "7ab840e0-fa18-4066-a53b-9d319dc17671",
        "sub_occassion": "9913ead9-b4cf-4b4e-8bd5-ac808274a7e1",
        "person_type": "5ecf80b1-6df9-4707-bb3e-55d447a733a2"
    }
},
{
    "model": "products.productforoccassion",
    "pk": "10045706-8239-4548-b6a3-ef0b760dd0aa",
    "fields": {
        "auto_id": 28,
        "creator": 1,
        "updater": 1,
        "date_added": "2022-06-23T05:18:42.567Z",
        "date_updated": "2022-06-23T05:18:42.567Z",
        "is_deleted": false,
        "product_variant": "31ed8d8e-7e1f-43aa-9779-14b98a23253a",
        "occassion": "510446ce-10c9-4a39-b601-c417ca809ea8",
        "sub_occassion": "fc712ef0-4098-4055-ad66-7f3847917d8e",
        "person_type": "de0e559f-dd4e-422e-9760-e81a735be910"
    }
},
{
    "model": "products.productforoccassion",
    "pk": "1cec7786-75b2-4c44-aafe-12640afe7fe0",
    "fields": {
        "auto_id": 25,
        "creator": 1,
        "updater": 1,
        "date_added": "2022-05-03T08:09:46.925Z",
        "date_updated": "2022-05-03T08:09:46.925Z",
        "is_deleted": false,
        "product_variant": "c256fa08-743c-466e-8282-a9084529b8da",
        "occassion": "7ab840e0-fa18-4066-a53b-9d319dc17671",
        "sub_occassion": "9913ead9-b4cf-4b4e-8bd5-ac808274a7e1",
        "person_type": "9a1b5340-89c5-4011-a5b0-7fcd34a3d254"
    }
},
{
    "model": "products.productforoccassion",
    "pk": "29deae18-121c-47d9-ab2a-2b8af589be6f",
    "fields": {
        "auto_id": 5,
        "creator": 1,
        "updater": 1,
        "date_added": "2022-03-23T09:49:58.222Z",
        "date_updated": "2022-03-23T09:49:58.222Z",
        "is_deleted": true,
        "product_variant": "eea5d84c-f2b5-43a5-9389-3ca84395e10e",
        "occassion": "b2aeef99-c119-43bd-bf0a-457ab49dc130",
        "sub_occassion": "f5bb849b-6e8a-4f6b-9610-bd552fc5d436",
        "person_type": "de0e559f-dd4e-422e-9760-e81a735be910"
    }
},
{
    "model": "products.productforoccassion",
    "pk": "4fe75c9d-5c35-4473-b21f-db3b0dba6118",
    "fields": {
        "auto_id": 6,
        "creator": 1,
        "updater": 1,
        "date_added": "2022-03-23T09:51:35.943Z",
        "date_updated": "2022-03-23T09:51:35.943Z",
        "is_deleted": true,
        "product_variant": "b9dc1156-3d45-47c6-a576-75fbd378df38",
        "occassion": "7ab840e0-fa18-4066-a53b-9d319dc17671",
        "sub_occassion": "508f4eb4-79e7-4610-8046-541aa2b8fb10",
        "person_type": "9dc39448-515e-4d1e-81f6-0890a51c0491"
    }
},
{
    "model": "products.productforoccassion",
    "pk": "52aeadc7-8f13-4e69-b428-e7c596500f5a",
    "fields": {
        "auto_id": 13,
        "creator": 1,
        "updater": 1,
        "date_added": "2022-03-23T11:17:54.697Z",
        "date_updated": "2022-03-23T11:17:54.697Z",
        "is_deleted": true,
        "product_variant": "eea5d84c-f2b5-43a5-9389-3ca84395e10e",
        "occassion": "4e6332a3-2af1-40c8-80cc-ff8973ba468f",
        "sub_occassion": "f5e48d5a-efc7-4b02-b35f-949ca4556ec8",
        "person_type": "de0e559f-dd4e-422e-9760-e81a735be910"
    }
},
{
    "model": "products.productforoccassion",
    "pk": "56eef3cc-5ccb-42e8-b3e6-a05ad9c2eb82",
    "fields": {
        "auto_id": 24,
        "creator": 1,
        "updater": 1,
        "date_added": "2022-05-03T07:43:26.896Z",
        "date_updated": "2022-05-03T08:12:20.147Z",
        "is_deleted": false,
        "product_variant": "a7edfe26-2235-4c7f-b523-65b85ea47a5a",
        "occassion": "7ab840e0-fa18-4066-a53b-9d319dc17671",
        "sub_occassion": "9913ead9-b4cf-4b4e-8bd5-ac808274a7e1",
        "person_type": "9a1b5340-89c5-4011-a5b0-7fcd34a3d254"
    }
},
{
    "model": "products.productforoccassion",
    "pk": "587f9eee-0a4b-4f9d-bab6-064971d41da9",
    "fields": {
        "auto_id": 21,
        "creator": 1,
        "updater": 1,
        "date_added": "2022-04-06T05:44:51.660Z",
        "date_updated": "2022-04-06T05:44:51.660Z",
        "is_deleted": true,
        "product_variant": "c79adc4e-dafc-4fb4-9b17-d8cacebf2b46",
        "occassion": "b2aeef99-c119-43bd-bf0a-457ab49dc130",
        "sub_occassion": "f5bb849b-6e8a-4f6b-9610-bd552fc5d436",
        "person_type": "de0e559f-dd4e-422e-9760-e81a735be910"
    }
},
{
    "model": "products.productforoccassion",
    "pk": "5ce0029d-d08c-4408-bfc6-d0f77b26d090",
    "fields": {
        "auto_id": 9,
        "creator": 1,
        "updater": 1,
        "date_added": "2022-03-23T10:56:40.555Z",
        "date_updated": "2022-03-23T10:58:38.606Z",
        "is_deleted": true,
        "product_variant": "fa46d95d-4898-4624-96b8-dd025f51f1fd",
        "occassion": "4e6332a3-2af1-40c8-80cc-ff8973ba468f",
        "sub_occassion": "fc712ef0-4098-4055-ad66-7f3847917d8e",
        "person_type": "9dc39448-515e-4d1e-81f6-0890a51c0491"
    }
},
{
    "model": "products.productforoccassion",
    "pk": "63ea53e3-00b5-43a8-ab38-e6061c95ef87",
    "fields": {
        "auto_id": 23,
        "creator": 1,
        "updater": 1,
        "date_added": "2022-04-19T05:37:13.549Z",
        "date_updated": "2022-04-19T05:37:13.549Z",
        "is_deleted": true,
        "product_variant": "517cfb72-750f-456f-bb04-1c72cc252daf",
        "occassion": "4e6332a3-2af1-40c8-80cc-ff8973ba468f",
        "sub_occassion": "fc712ef0-4098-4055-ad66-7f3847917d8e",
        "person_type": "9de56e8e-0dcf-444d-8662-633fa522b101"
    }
},
{
    "model": "products.productforoccassion",
    "pk": "6804e83e-83b8-4aa5-bee2-192a51eff30a",
    "fields": {
        "auto_id": 16,
        "creator": 1,
        "updater": 1,
        "date_added": "2022-03-23T11:24:19.959Z",
        "date_updated": "2022-03-23T11:24:19.959Z",
        "is_deleted": true,
        "product_variant": "eea5d84c-f2b5-43a5-9389-3ca84395e10e",
        "occassion": "b2aeef99-c119-43bd-bf0a-457ab49dc130",
        "sub_occassion": "f5bb849b-6e8a-4f6b-9610-bd552fc5d436",
        "person_type": "de0e559f-dd4e-422e-9760-e81a735be910"
    }
},
{
    "model": "products.productforoccassion",
    "pk": "68666a3b-edfa-4342-ba67-3c880454793e",
    "fields": {
        "auto_id": 27,
        "creator": 1,
        "updater": 1,
        "date_added": "2022-06-08T07:19:30.746Z",
        "date_updated": "2022-06-08T07:19:30.746Z",
        "is_deleted": false,
        "product_variant": "826bebb0-1fc6-4e36-8acd-a68df0fa37a3",
        "occassion": "510446ce-10c9-4a39-b601-c417ca809ea8",
        "sub_occassion": "fc712ef0-4098-4055-ad66-7f3847917d8e",
        "person_type": "de0e559f-dd4e-422e-9760-e81a735be910"
    }
},
{
    "model": "products.productforoccassion",
    "pk": "7adba250-81cd-47e5-8d86-9def6cfdb6c8",
    "fields": {
        "auto_id": 10,
        "creator": 1,
        "updater": 1,
        "date_added": "2022-03-23T10:57:14.098Z",
        "date_updated": "2022-03-23T10:57:14.098Z",
        "is_deleted": true,
        "product_variant": "eea5d84c-f2b5-43a5-9389-3ca84395e10e",
        "occassion": "4e6332a3-2af1-40c8-80cc-ff8973ba468f",
        "sub_occassion": "fc712ef0-4098-4055-ad66-7f3847917d8e",
        "person_type": "12c8f1b9-f7c3-44b5-a50b-51a82addbeaa"
    }
},
{
    "model": "products.productforoccassion",
    "pk": "7ff0062a-1c4b-439c-9083-23e655a95bc0",
    "fields": {
        "auto_id": 1,
        "creator": 1,
        "updater": 1,
        "date_added": "2022-03-23T08:29:05.492Z",
        "date_updated": "2022-03-23T08:29:05.492Z",
        "is_deleted": true,
        "product_variant": "eea5d84c-f2b5-43a5-9389-3ca84395e10e",
        "occassion": "7ab840e0-fa18-4066-a53b-9d319dc17671",
        "sub_occassion": "5b77a20b-9a33-454b-b8aa-36f6316708b4",
        "person_type": "9dc39448-515e-4d1e-81f6-0890a51c0491"
    }
},
{
    "model": "products.productforoccassion",
    "pk": "8e83cae4-f87c-4360-bf93-42fda220e181",
    "fields": {
        "auto_id": 8,
        "creator": 1,
        "updater": 1,
        "date_added": "2022-03-23T10:29:52.124Z",
        "date_updated": "2022-03-23T10:29:52.124Z",
        "is_deleted": true,
        "product_variant": "645e0bfc-7760-4600-98f0-28c56b16bbb8",
        "occassion": "7ab840e0-fa18-4066-a53b-9d319dc17671",
        "sub_occassion": "5b77a20b-9a33-454b-b8aa-36f6316708b4",
        "person_type": "12c8f1b9-f7c3-44b5-a50b-51a82addbeaa"
    }
},
{
    "model": "products.productforoccassion",
    "pk": "9e49334a-ce91-4076-8054-0a2a5cdc8763",
    "fields": {
        "auto_id": 19,
        "creator": 1,
        "updater": 1,
        "date_added": "2022-04-01T12:22:41.703Z",
        "date_updated": "2022-04-01T12:22:41.703Z",
        "is_deleted": true,
        "product_variant": "fe6c13f6-9ca7-4c1f-ab28-9c36b8d26ba1",
        "occassion": "510446ce-10c9-4a39-b601-c417ca809ea8",
        "sub_occassion": "ffc783bf-15cd-444f-9f4e-fdd67832e6d4",
        "person_type": "de0e559f-dd4e-422e-9760-e81a735be910"
    }
},
{
    "model": "products.productforoccassion",
    "pk": "9e62d29d-eced-44b5-afee-db811a16bce1",
    "fields": {
        "auto_id": 4,
        "creator": 1,
        "updater": 1,
        "date_added": "2022-03-23T09:45:41.535Z",
        "date_updated": "2022-03-23T09:45:41.535Z",
        "is_deleted": true,
        "product_variant": "986601e1-c003-41c3-8b6a-b85bbf580f4f",
        "occassion": "7ab840e0-fa18-4066-a53b-9d319dc17671",
        "sub_occassion": "947ee4a4-a6ee-49bc-b98b-13edaf1b060e",
        "person_type": "de0e559f-dd4e-422e-9760-e81a735be910"
    }
},
{
    "model": "products.productforoccassion",
    "pk": "9f1bee3a-a635-4121-908f-52b9d4bf39cb",
    "fields": {
        "auto_id": 17,
        "creator": 1,
        "updater": 1,
        "date_added": "2022-03-23T11:27:36.865Z",
        "date_updated": "2022-03-23T11:27:36.865Z",
        "is_deleted": true,
        "product_variant": "eea5d84c-f2b5-43a5-9389-3ca84395e10e",
        "occassion": "4e6332a3-2af1-40c8-80cc-ff8973ba468f",
        "sub_occassion": "fc712ef0-4098-4055-ad66-7f3847917d8e",
        "person_type": "de0e559f-dd4e-422e-9760-e81a735be910"
    }
},
{
    "model": "products.productforoccassion",
    "pk": "afdd4983-6450-42b2-92cb-130e665e7fdd",
    "fields": {
        "auto_id": 2,
        "creator": 1,
        "updater": 1,
        "date_added": "2022-03-23T08:47:09.711Z",
        "date_updated": "2022-03-23T08:47:09.711Z",
        "is_deleted": true,
        "product_variant": "fa46d95d-4898-4624-96b8-dd025f51f1fd",
        "occassion": "4e6332a3-2af1-40c8-80cc-ff8973ba468f",
        "sub_occassion": "fc712ef0-4098-4055-ad66-7f3847917d8e",
        "person_type": "de0e559f-dd4e-422e-9760-e81a735be910"
    }
},
{
    "model": "products.productforoccassion",
    "pk": "c803537b-5f4b-4f0f-9cbb-129a083a305f",
    "fields": {
        "auto_id": 20,
        "creator": 1,
        "updater": 1,
        "date_added": "2022-04-05T10:29:02.476Z",
        "date_updated": "2022-04-05T10:29:02.476Z",
        "is_deleted": true,
        "product_variant": "712009d1-9dc5-4e86-879a-208ea3981517",
        "occassion": "4e6332a3-2af1-40c8-80cc-ff8973ba468f",
        "sub_occassion": "fc712ef0-4098-4055-ad66-7f3847917d8e",
        "person_type": "de0e559f-dd4e-422e-9760-e81a735be910"
    }
},
{
    "model": "products.productforoccassion",
    "pk": "c93fe32f-401f-4fa2-8457-2692325fca5b",
    "fields": {
        "auto_id": 12,
        "creator": 1,
        "updater": 1,
        "date_added": "2022-03-23T11:17:19.573Z",
        "date_updated": "2022-03-23T11:17:19.573Z",
        "is_deleted": true,
        "product_variant": "eea5d84c-f2b5-43a5-9389-3ca84395e10e",
        "occassion": "4e6332a3-2af1-40c8-80cc-ff8973ba468f",
        "sub_occassion": "5b77a20b-9a33-454b-b8aa-36f6316708b4",
        "person_type": "9dc39448-515e-4d1e-81f6-0890a51c0491"
    }
},
{
    "model": "products.productforoccassion",
    "pk": "d48599f1-6573-425b-b112-77fc1bbb5628",
    "fields": {
        "auto_id": 7,
        "creator": 1,
        "updater": 1,
        "date_added": "2022-03-23T10:25:28.188Z",
        "date_updated": "2022-03-23T10:25:28.188Z",
        "is_deleted": true,
        "product_variant": "fe6c13f6-9ca7-4c1f-ab28-9c36b8d26ba1",
        "occassion": "4e6332a3-2af1-40c8-80cc-ff8973ba468f",
        "sub_occassion": "fc712ef0-4098-4055-ad66-7f3847917d8e",
        "person_type": "de0e559f-dd4e-422e-9760-e81a735be910"
    }
},
{
    "model": "products.productforoccassion",
    "pk": "e014c88f-af80-4c37-8c19-6446813f8cfb",
    "fields": {
        "auto_id": 22,
        "creator": 1,
        "updater": 1,
        "date_added": "2022-04-13T10:25:08.091Z",
        "date_updated": "2022-04-13T10:25:08.091Z",
        "is_deleted": true,
        "product_variant": "147874b4-4d09-492d-8278-8fc93d52af17",
        "occassion": "510446ce-10c9-4a39-b601-c417ca809ea8",
        "sub_occassion": "fc712ef0-4098-4055-ad66-7f3847917d8e",
        "person_type": "8f828426-9be2-488d-8097-f67ca6ebcc3b"
    }
},
{
    "model": "products.productforoccassion",
    "pk": "e5357034-df49-4123-bb3f-e0456c903b29",
    "fields": {
        "auto_id": 3,
        "creator": 1,
        "updater": 1,
        "date_added": "2022-03-23T09:44:43.312Z",
        "date_updated": "2022-03-23T09:44:43.312Z",
        "is_deleted": true,
        "product_variant": "986601e1-c003-41c3-8b6a-b85bbf580f4f",
        "occassion": "7ab840e0-fa18-4066-a53b-9d319dc17671",
        "sub_occassion": "508f4eb4-79e7-4610-8046-541aa2b8fb10",
        "person_type": "de0e559f-dd4e-422e-9760-e81a735be910"
    }
},
{
    "model": "products.productforoccassion",
    "pk": "efd9b138-d989-4e32-aecf-bcb74d72cb6b",
    "fields": {
        "auto_id": 15,
        "creator": 1,
        "updater": 1,
        "date_added": "2022-03-23T11:19:37.556Z",
        "date_updated": "2022-03-23T11:19:37.556Z",
        "is_deleted": true,
        "product_variant": "eea5d84c-f2b5-43a5-9389-3ca84395e10e",
        "occassion": "4e6332a3-2af1-40c8-80cc-ff8973ba468f",
        "sub_occassion": "fc712ef0-4098-4055-ad66-7f3847917d8e",
        "person_type": "9dc39448-515e-4d1e-81f6-0890a51c0491"
    }
},
{
    "model": "products.productforoccassion",
    "pk": "fff9f362-fbac-42b1-9715-9074f770e930",
    "fields": {
        "auto_id": 11,
        "creator": 1,
        "updater": 1,
        "date_added": "2022-03-23T11:16:28.501Z",
        "date_updated": "2022-03-23T11:16:28.501Z",
        "is_deleted": true,
        "product_variant": "eea5d84c-f2b5-43a5-9389-3ca84395e10e",
        "occassion": "4e6332a3-2af1-40c8-80cc-ff8973ba468f",
        "sub_occassion": "fc712ef0-4098-4055-ad66-7f3847917d8e",
        "person_type": "de0e559f-dd4e-422e-9760-e81a735be910"
    }
},
{
    "model": "general.mode",
    "pk": 1,
    "fields": {
        "readonly": false,
        "maintenance": false,
        "down": false
    }
},
{
    "model": "general.persontype",
    "pk": "0abfca14-fd67-41c4-9831-a722002ed550",
    "fields": {
        "auto_id": 5,
        "creator": 1,
        "updater": 1,
        "date_added": "2022-03-23T05:50:40.184Z",
        "date_updated": "2022-03-23T05:50:40.184Z",
        "is_deleted": true,
        "person_type": "Wife"
    }
},
{
    "model": "general.persontype",
    "pk": "12c8f1b9-f7c3-44b5-a50b-51a82addbeaa",
    "fields": {
        "auto_id": 8,
        "creator": 1,
        "updater": 1,
        "date_added": "2022-03-23T09:46:52.505Z",
        "date_updated": "2022-03-23T09:46:52.505Z",
        "is_deleted": true,
        "person_type": "Father"
    }
},
{
    "model": "general.persontype",
    "pk": "1beb812f-a353-4977-85c1-440d8db1554b",
    "fields": {
        "auto_id": 3,
        "creator": 1,
        "updater": 1,
        "date_added": "2022-03-23T05:50:12.777Z",
        "date_updated": "2022-03-23T05:50:12.777Z",
        "is_deleted": true,
        "person_type": "Father"
    }
},
{
    "model": "general.persontype",
    "pk": "46c770e2-68b1-44db-a636-d7c5ec5d447a",
    "fields": {
        "auto_id": 4,
        "creator": 1,
        "updater": 1,
        "date_added": "2022-03-23T05:50:27.598Z",
        "date_updated": "2022-03-23T05:50:27.598Z",
        "is_deleted": true,
        "person_type": "Husband"
    }
},
{
    "model": "general.persontype",
    "pk": "54a9f6e9-a13e-4bd1-a581-5362728187fc",
    "fields": {
        "auto_id": 7,
        "creator": 1,
        "updater": 1,
        "date_added": "2022-03-23T05:51:15.446Z",
        "date_updated": "2022-03-23T05:51:15.446Z",
        "is_deleted": true,
        "person_type": "Brother"
    }
},
{
    "model": "general.persontype",
    "pk": "5722962c-0352-4bee-b0f6-8d4abb74d29a",
    "fields": {
        "auto_id": 10,
        "creator": 1,
        "updater": 1,
        "date_added": "2022-04-06T06:01:34.338Z",
        "date_updated": "2022-04-06T06:01:34.338Z",
        "is_deleted": false,
        "person_type": "Mother"
    }
},
{
    "model": "general.persontype",
    "pk": "5e3cb1f1-9e09-4e55-887c-fed56910cf5f",
    "fields": {
        "auto_id": 6,
        "creator": 1,
        "updater": 1,
        "date_added": "2022-03-23T05:51:00.346Z",
        "date_updated": "2022-03-23T05:51:00.346Z",
        "is_deleted": true,
        "person_type": "Sister"
    }
},
{
    "model": "general.persontype",
    "pk": "5ecf80b1-6df9-4707-bb3e-55d447a733a2",
    "fields": {
        "auto_id": 16,
        "creator": 1,
        "updater": 1,
        "date_added": "2022-04-06T06:02:42.308Z",
        "date_updated": "2022-04-06T06:02:42.308Z",
        "is_deleted": false,
        "person_type": "Wife"
    }
},
{
    "model": "general.persontype",
    "pk": "8f828426-9be2-488d-8097-f67ca6ebcc3b",
    "fields": {
        "auto_id": 11,
        "creator": 1,
        "updater": 1,
        "date_added": "2022-04-06T06:02:00.455Z",
        "date_updated": "2022-04-06T06:02:00.455Z",
        "is_deleted": false,
        "person_type": "Father"
    }
},
{
    "model": "general.persontype",
    "pk": "90b6eb81-f03f-48bb-a3c8-99fefca71e21",
    "fields": {
        "auto_id": 14,
        "creator": 1,
        "updater": 1,
        "date_added": "2022-04-06T06:02:18.149Z",
        "date_updated": "2022-04-06T06:02:18.149Z",
        "is_deleted": false,
        "person_type": "Sister"
    }
},
{
    "model": "general.persontype",
    "pk": "932d9f1d-23b0-4bb3-b7f4-ca8e632da389",
    "fields": {
        "auto_id": 9,
        "creator": 1,
        "updater": 1,
        "date_added": "2022-03-23T11:24:50.089Z",
        "date_updated": "2022-03-23T11:24:50.089Z",
        "is_deleted": false,
        "person_type": "Brother"
    }
},
{
    "model": "general.persontype",
    "pk": "9a1b5340-89c5-4011-a5b0-7fcd34a3d254",
    "fields": {
        "auto_id": 15,
        "creator": 1,
        "updater": 1,
        "date_added": "2022-04-06T06:02:30.147Z",
        "date_updated": "2022-04-06T06:02:30.147Z",
        "is_deleted": false,
        "person_type": "Husband"
    }
},
{
    "model": "general.persontype",
    "pk": "9dc39448-515e-4d1e-81f6-0890a51c0491",
    "fields": {
        "auto_id": 2,
        "creator": 1,
        "updater": 1,
        "date_added": "2022-03-23T05:49:27.822Z",
        "date_updated": "2022-03-23T05:49:27.822Z",
        "is_deleted": true,
        "person_type": "Mother"
    }
},
{
    "model": "general.persontype",
    "pk": "9de56e8e-0dcf-444d-8662-633fa522b101",
    "fields": {
        "auto_id": 17,
        "creator": 1,
        "updater": 1,
        "date_added": "2022-04-06T06:02:54.585Z",
        "date_updated": "2022-04-06T06:02:54.586Z",
        "is_deleted": false,
        "person_type": "Lover"
    }
},
{
    "model": "general.persontype",
    "pk": "de0e559f-dd4e-422e-9760-e81a735be910",
    "fields": {
        "auto_id": 1,
        "creator": 1,
        "updater": 1,
        "date_added": "2022-03-23T05:49:08.753Z",
        "date_updated": "2022-04-06T06:03:52.412Z",
        "is_deleted": false,
        "person_type": "Friend"
    }
},
{
    "model": "general.persontype",
    "pk": "e9cc5062-747d-4a34-88cf-d62ead690515",
    "fields": {
        "auto_id": 12,
        "creator": 1,
        "updater": 1,
        "date_added": "2022-04-06T06:02:03.190Z",
        "date_updated": "2022-04-06T06:02:03.190Z",
        "is_deleted": true,
        "person_type": "Father"
    }
},
{
    "model": "general.persontype",
    "pk": "f6d4e97c-8174-4c81-842b-113ab593a828",
    "fields": {
        "auto_id": 13,
        "creator": 1,
        "updater": 1,
        "date_added": "2022-04-06T06:02:12.490Z",
        "date_updated": "2022-04-06T06:02:12.490Z",
        "is_deleted": true,
        "person_type": "s"
    }
},
{
    "model": "general.phone",
    "pk": 1,
    "fields": {
        "phone": "9846100100"
    }
},
{
    "model": "general.occassion",
    "pk": "4e6332a3-2af1-40c8-80cc-ff8973ba468f",
    "fields": {
        "auto_id": 2,
        "creator": 1,
        "updater": 1,
        "date_added": "2022-03-21T05:50:37.087Z",
        "date_updated": "2022-03-21T05:50:37.087Z",
        "is_deleted": false,
        "occassion": "Celebrations",
        "occassion_image": "lessons/images/download.jpg"
    }
},
{
    "model": "general.occassion",
    "pk": "510446ce-10c9-4a39-b601-c417ca809ea8",
    "fields": {
        "auto_id": 7,
        "creator": 1,
        "updater": 1,
        "date_added": "2022-04-01T12:19:51.124Z",
        "date_updated": "2022-04-01T12:19:51.124Z",
        "is_deleted": false,
        "occassion": "Birthday",
        "occassion_image": "lessons/images/IMG_20220401_153302.jpg"
    }
},
{
    "model": "general.occassion",
    "pk": "7ab840e0-fa18-4066-a53b-9d319dc17671",
    "fields": {
        "auto_id": 6,
        "creator": 1,
        "updater": 1,
        "date_added": "2022-03-23T06:13:28.786Z",
        "date_updated": "2022-04-19T09:43:12.444Z",
        "is_deleted": false,
        "occassion": "Anniversary",
        "occassion_image": "lessons/images/images_4_27_aTpnd9a.jpeg"
    }
},
{
    "model": "general.occassion",
    "pk": "88a4986e-0bca-4e4c-ac29-f82161abae31",
    "fields": {
        "auto_id": 3,
        "creator": 1,
        "updater": 1,
        "date_added": "2022-03-21T05:54:00.584Z",
        "date_updated": "2022-03-21T05:54:00.584Z",
        "is_deleted": true,
        "occassion": "Valentines day",
        "occassion_image": "lessons/images/download_1.jpg"
    }
},
{
    "model": "general.occassion",
    "pk": "9a8e3b1f-4447-4848-9b97-3147a60327e0",
    "fields": {
        "auto_id": 5,
        "creator": 1,
        "updater": 1,
        "date_added": "2022-03-23T06:05:46.680Z",
        "date_updated": "2022-03-23T06:05:46.680Z",
        "is_deleted": true,
        "occassion": "Events",
        "occassion_image": ""
    }
},
{
    "model": "general.occassion",
    "pk": "b2aeef99-c119-43bd-bf0a-457ab49dc130",
    "fields": {
        "auto_id": 4,
        "creator": 1,
        "updater": 1,
        "date_added": "2022-03-21T06:00:12.281Z",
        "date_updated": "2022-03-21T06:00:12.281Z",
        "is_deleted": true,
        "occassion": "Festivals",
        "occassion_image": "lessons/images/Festival-in-Chiang-Mai-Thailand-1200x853.jpg"
    }
},
{
    "model": "general.occassion",
    "pk": "ddbb2ddb-53c0-4490-9bec-a4db22315b4c",
    "fields": {
        "auto_id": 1,
        "creator": 1,
        "updater": 1,
        "date_added": "2022-03-21T05:45:23.600Z",
        "date_updated": "2022-03-21T05:45:23.600Z",
        "is_deleted": true,
        "occassion": "BIRTHDAY",
        "occassion_image": "lessons/images/8f90637d2ecaceda106fdd7f0e81ca4f.jpg"
    }
},
{
    "model": "general.suboccassion",
    "pk": "103fcadc-ad46-4941-9d16-d5979baf03b5",
    "fields": {
        "auto_id": 5,
        "creator": 1,
        "updater": 1,
        "date_added": "2022-03-23T06:15:36.263Z",
        "date_updated": "2022-03-23T06:15:36.263Z",
        "is_deleted": true,
        "occassion": "7ab840e0-fa18-4066-a53b-9d319dc17671",
        "sub_occassion": "Love Anniversary",
        "sub_occassion_image": ""
    }
},
{
    "model": "general.suboccassion",
    "pk": "508f4eb4-79e7-4610-8046-541aa2b8fb10",
    "fields": {
        "auto_id": 8,
        "creator": 1,
        "updater": 1,
        "date_added": "2022-03-23T09:03:57.430Z",
        "date_updated": "2022-03-23T09:17:50.896Z",
        "is_deleted": true,
        "occassion": "7ab840e0-fa18-4066-a53b-9d319dc17671",
        "sub_occassion": "Teacher's day",
        "sub_occassion_image": "occasion/subocassions/images/download_12.jpg"
    }
},
{
    "model": "general.suboccassion",
    "pk": "5b77a20b-9a33-454b-b8aa-36f6316708b4",
    "fields": {
        "auto_id": 2,
        "creator": 1,
        "updater": 1,
        "date_added": "2022-03-21T05:57:12.328Z",
        "date_updated": "2022-03-23T09:20:44.113Z",
        "is_deleted": true,
        "occassion": "7ab840e0-fa18-4066-a53b-9d319dc17671",
        "sub_occassion": "Wedding Anniversary",
        "sub_occassion_image": "occasion/subocassions/images/download_2_zxBKyht.jpg"
    }
},
{
    "model": "general.suboccassion",
    "pk": "947ee4a4-a6ee-49bc-b98b-13edaf1b060e",
    "fields": {
        "auto_id": 7,
        "creator": 1,
        "updater": 1,
        "date_added": "2022-03-23T08:51:38.232Z",
        "date_updated": "2022-03-23T09:17:07.975Z",
        "is_deleted": true,
        "occassion": "7ab840e0-fa18-4066-a53b-9d319dc17671",
        "sub_occassion": "Mother's day",
        "sub_occassion_image": "occasion/subocassions/images/download_11.jpg"
    }
},
{
    "model": "general.suboccassion",
    "pk": "9913ead9-b4cf-4b4e-8bd5-ac808274a7e1",
    "fields": {
        "auto_id": 10,
        "creator": 1,
        "updater": 1,
        "date_added": "2022-04-21T06:57:45.362Z",
        "date_updated": "2022-04-21T06:57:45.362Z",
        "is_deleted": false,
        "occassion": "7ab840e0-fa18-4066-a53b-9d319dc17671",
        "sub_occassion": "Wedding Anniversary",
        "sub_occassion_image": "occasion/subocassions/images/watercolor-floral-wedding-anniversary-frame-vector-23868931_kZ4ph4c.jpg"
    }
},
{
    "model": "general.suboccassion",
    "pk": "f4d6029f-d9fc-45bf-820a-8837c2e11f6f",
    "fields": {
        "auto_id": 4,
        "creator": 1,
        "updater": 1,
        "date_added": "2022-03-21T06:07:12.232Z",
        "date_updated": "2022-03-21T06:07:12.232Z",
        "is_deleted": true,
        "occassion": "b2aeef99-c119-43bd-bf0a-457ab49dc130",
        "sub_occassion": "Onam",
        "sub_occassion_image": "occasion/subocassions/images/images.jpg"
    }
},
{
    "model": "general.suboccassion",
    "pk": "f5bb849b-6e8a-4f6b-9610-bd552fc5d436",
    "fields": {
        "auto_id": 3,
        "creator": 1,
        "updater": 1,
        "date_added": "2022-03-21T06:01:51.292Z",
        "date_updated": "2022-03-21T06:01:51.292Z",
        "is_deleted": true,
        "occassion": "b2aeef99-c119-43bd-bf0a-457ab49dc130",
        "sub_occassion": "Christmas",
        "sub_occassion_image": "occasion/subocassions/images/download_3.jpg"
    }
},
{
    "model": "general.suboccassion",
    "pk": "f5e48d5a-efc7-4b02-b35f-949ca4556ec8",
    "fields": {
        "auto_id": 6,
        "creator": 1,
        "updater": 1,
        "date_added": "2022-03-23T08:50:00.009Z",
        "date_updated": "2022-03-23T08:50:45.685Z",
        "is_deleted": false,
        "occassion": "4e6332a3-2af1-40c8-80cc-ff8973ba468f",
        "sub_occassion": "Valentin's day",
        "sub_occassion_image": "occasion/subocassions/images/download_1.jpg"
    }
},
{
    "model": "general.suboccassion",
    "pk": "fc712ef0-4098-4055-ad66-7f3847917d8e",
    "fields": {
        "auto_id": 1,
        "creator": 1,
        "updater": 1,
        "date_added": "2022-03-21T05:51:33.804Z",
        "date_updated": "2022-03-21T05:51:33.804Z",
        "is_deleted": false,
        "occassion": "4e6332a3-2af1-40c8-80cc-ff8973ba468f",
        "sub_occassion": "Birthday",
        "sub_occassion_image": "occasion/subocassions/images/8f90637d2ecaceda106fdd7f0e81ca4f.jpg"
    }
},
{
    "model": "general.suboccassion",
    "pk": "ffc783bf-15cd-444f-9f4e-fdd67832e6d4",
    "fields": {
        "auto_id": 9,
        "creator": 1,
        "updater": 1,
        "date_added": "2022-04-01T12:20:16.476Z",
        "date_updated": "2022-04-01T12:20:16.476Z",
        "is_deleted": false,
        "occassion": "510446ce-10c9-4a39-b601-c417ca809ea8",
        "sub_occassion": "1st Birthday",
        "sub_occassion_image": "occasion/subocassions/images/IMG_20220401_153315.jpg"
    }
},
{
    "model": "general.giftimage",
    "pk": "884a90fb-9932-4c8e-a4d2-064913e234e7",
    "fields": {
        "auto_id": 2,
        "creator": 1,
        "updater": 1,
        "date_added": "2022-04-12T05:36:58.825Z",
        "date_updated": "2022-04-12T05:36:58.825Z",
        "is_deleted": false,
        "image": "gifts/images/download_2.jpg"
    }
},
{
    "model": "general.giftimage",
    "pk": "e608039c-4b2d-4cef-ac85-32b03a967ae3",
    "fields": {
        "auto_id": 1,
        "creator": 1,
        "updater": 1,
        "date_added": "2022-03-23T07:02:58.059Z",
        "date_updated": "2022-03-23T07:02:58.059Z",
        "is_deleted": false,
        "image": "gifts/images/download.jpg"
    }
},
{
    "model": "general.extras",
    "pk": 1,
    "fields": {
        "inter_state_charges": 1.0,
        "intra_state_charges": 1.0,
        "special_discount": 1
    }
},
{
    "model": "general.slider",
    "pk": "185ca4c1-1dff-4e84-a410-8a388f9aada7",
    "fields": {
        "auto_id": 4,
        "creator": 1,
        "updater": 1,
        "date_added": "2022-03-23T08:57:40.716Z",
        "date_updated": "2022-03-23T08:57:40.716Z",
        "is_deleted": false,
        "title": "dett",
        "image": "slider/images/download_8.jpg"
    }
},
{
    "model": "general.slider",
    "pk": "78cbeae6-8d8d-462b-b09f-653537b11241",
    "fields": {
        "auto_id": 1,
        "creator": 1,
        "updater": 1,
        "date_added": "2022-03-23T06:37:49.013Z",
        "date_updated": "2022-03-23T06:37:49.013Z",
        "is_deleted": true,
        "title": "Dett as",
        "image": "slider/images/kj.jpg"
    }
},
{
    "model": "general.slider",
    "pk": "c96f395b-ffd7-41a2-af2c-d5b561e845d3",
    "fields": {
        "auto_id": 2,
        "creator": 1,
        "updater": 1,
        "date_added": "2022-03-23T08:54:57.918Z",
        "date_updated": "2022-03-23T08:55:24.429Z",
        "is_deleted": false,
        "title": "GIFT",
        "image": "slider/images/download_6.jpg"
    }
},
{
    "model": "general.slider",
    "pk": "da1a3128-fdd5-4578-9930-133af5651669",
    "fields": {
        "auto_id": 3,
        "creator": 1,
        "updater": 1,
        "date_added": "2022-03-23T08:57:09.101Z",
        "date_updated": "2022-03-23T08:57:09.101Z",
        "is_deleted": false,
        "title": "dett",
        "image": "slider/images/images_1.jpg"
    }
},
{
    "model": "users.notificationsubject",
    "pk": 1,
    "fields": {
        "code": "low_stock_notification",
        "name": "Low stock notification"
    }
},
{
    "model": "users.notificationsubject",
    "pk": 2,
    "fields": {
        "code": "task_assigned",
        "name": "Task Assigned"
    }
},
{
    "model": "users.notificationsubject",
    "pk": 3,
    "fields": {
        "code": "expiry_notification",
        "name": "Expiry Notification"
    }
},
{
    "model": "users.notificationsubject",
    "pk": 4,
    "fields": {
        "code": "sale_payment_reminder",
        "name": "Sale Payment Remainder"
    }
},
{
    "model": "users.permission",
    "pk": 1,
    "fields": {
        "name": "Manage Customer",
        "code": "can_manage_customer",
        "app": "customers"
    }
},
{
    "model": "users.permission",
    "pk": 2,
    "fields": {
        "name": "Create Customer",
        "code": "can_create_customer",
        "app": "customers"
    }
},
{
    "model": "users.permission",
    "pk": 3,
    "fields": {
        "name": "Modify Customer",
        "code": "can_modify_customer",
        "app": "customers"
    }
},
{
    "model": "users.permission",
    "pk": 4,
    "fields": {
        "name": "View Customer",
        "code": "can_view_customer",
        "app": "customers"
    }
},
{
    "model": "users.permission",
    "pk": 5,
    "fields": {
        "name": "Delete Customer",
        "code": "can_delete_customer",
        "app": "customers"
    }
},
{
    "model": "users.permission",
    "pk": 6,
    "fields": {
        "name": "Create Category",
        "code": "can_create_category",
        "app": "products"
    }
},
{
    "model": "users.permission",
    "pk": 7,
    "fields": {
        "name": "Modify Category",
        "code": "can_modify_category",
        "app": "products"
    }
},
{
    "model": "users.permission",
    "pk": 8,
    "fields": {
        "name": "View Category",
        "code": "can_view_category",
        "app": "products"
    }
},
{
    "model": "users.permission",
    "pk": 9,
    "fields": {
        "name": "Delete Category",
        "code": "can_delete_category",
        "app": "products"
    }
},
{
    "model": "users.permission",
    "pk": 10,
    "fields": {
        "name": "Create Unit",
        "code": "can_create_unit",
        "app": "products"
    }
},
{
    "model": "users.permission",
    "pk": 11,
    "fields": {
        "name": "Modify Unit",
        "code": "can_modify_unit",
        "app": "products"
    }
},
{
    "model": "users.permission",
    "pk": 12,
    "fields": {
        "name": "View Unit",
        "code": "can_view_unit",
        "app": "products"
    }
},
{
    "model": "users.permission",
    "pk": 13,
    "fields": {
        "name": "Delete Unit",
        "code": "can_delete_unit",
        "app": "products"
    }
},
{
    "model": "users.permission",
    "pk": 14,
    "fields": {
        "name": "Manage Barcode",
        "code": "can_manage_barcode",
        "app": "products"
    }
},
{
    "model": "users.permission",
    "pk": 15,
    "fields": {
        "name": "Manage Vendor",
        "code": "can_manage_vendor",
        "app": "vendors"
    }
},
{
    "model": "users.permission",
    "pk": 16,
    "fields": {
        "name": "Create vendor",
        "code": "can_create_vendor",
        "app": "vendors"
    }
},
{
    "model": "users.permission",
    "pk": 17,
    "fields": {
        "name": "Modify Vendor",
        "code": "can_modify_vendor",
        "app": "vendors"
    }
},
{
    "model": "users.permission",
    "pk": 18,
    "fields": {
        "name": "View Vendor",
        "code": "can_view_vendor",
        "app": "vendors"
    }
},
{
    "model": "users.permission",
    "pk": 19,
    "fields": {
        "name": "Manage Product",
        "code": "can_manage_product",
        "app": "products"
    }
},
{
    "model": "users.permission",
    "pk": 20,
    "fields": {
        "name": "Create Product",
        "code": "can_create_product",
        "app": "products"
    }
},
{
    "model": "users.permission",
    "pk": 21,
    "fields": {
        "name": "Modify Product",
        "code": "can_modify_product",
        "app": "products"
    }
},
{
    "model": "users.permission",
    "pk": 22,
    "fields": {
        "name": "View Product",
        "code": "can_view_product",
        "app": "products"
    }
},
{
    "model": "users.permission",
    "pk": 23,
    "fields": {
        "name": "Delete Product",
        "code": "can_delete_product",
        "app": "products"
    }
},
{
    "model": "users.permission",
    "pk": 24,
    "fields": {
        "name": "Manage Sale",
        "code": "can_manage_sale",
        "app": "sales"
    }
},
{
    "model": "users.permission",
    "pk": 25,
    "fields": {
        "name": "Create Sale",
        "code": "can_create_sale",
        "app": "sales"
    }
},
{
    "model": "users.permission",
    "pk": 26,
    "fields": {
        "name": "Modify Sale",
        "code": "can_modify_sale",
        "app": "sales"
    }
},
{
    "model": "users.permission",
    "pk": 27,
    "fields": {
        "name": "View Sale",
        "code": "can_view_sale",
        "app": "sales"
    }
},
{
    "model": "users.permission",
    "pk": 28,
    "fields": {
        "name": "Delete Sale",
        "code": "can_delete_sale",
        "app": "sales"
    }
},
{
    "model": "users.permission",
    "pk": 29,
    "fields": {
        "name": "Create Designation",
        "code": "can_create_designation",
        "app": "staffs"
    }
},
{
    "model": "users.permission",
    "pk": 30,
    "fields": {
        "name": "Modify Designation",
        "code": "can_modify_designation",
        "app": "staffs"
    }
},
{
    "model": "users.permission",
    "pk": 31,
    "fields": {
        "name": "View Designation",
        "code": "can_view_designation",
        "app": "staffs"
    }
},
{
    "model": "users.permission",
    "pk": 32,
    "fields": {
        "name": "Manage Staff",
        "code": "can_manage_staff",
        "app": "staffs"
    }
},
{
    "model": "users.permission",
    "pk": 33,
    "fields": {
        "name": "Create Staff",
        "code": "can_create_staff",
        "app": "staffs"
    }
},
{
    "model": "users.permission",
    "pk": 34,
    "fields": {
        "name": "Modify Staff",
        "code": "can_modify_staff",
        "app": "staffs"
    }
},
{
    "model": "users.permission",
    "pk": 35,
    "fields": {
        "name": "View Staff",
        "code": "can_view_staff",
        "app": "staffs"
    }
},
{
    "model": "users.permission",
    "pk": 36,
    "fields": {
        "name": "Delete Staff",
        "code": "can_delete_staff",
        "app": "staffs"
    }
},
{
    "model": "users.permission",
    "pk": 37,
    "fields": {
        "name": "Manage Purchase",
        "code": "can_manage_purchase",
        "app": "purchases"
    }
},
{
    "model": "users.permission",
    "pk": 38,
    "fields": {
        "name": "Create Purchase",
        "code": "can_create_purchase",
        "app": "purchases"
    }
},
{
    "model": "users.permission",
    "pk": 39,
    "fields": {
        "name": "Modify Purchase",
        "code": "can_modify_purchase",
        "app": "purchases"
    }
},
{
    "model": "users.permission",
    "pk": 40,
    "fields": {
        "name": "View Purchase",
        "code": "can_view_purchase",
        "app": "purchases"
    }
},
{
    "model": "users.permission",
    "pk": 41,
    "fields": {
        "name": "Delete Purchase",
        "code": "can_delete_purchase",
        "app": "purchases"
    }
},
{
    "model": "users.permission",
    "pk": 42,
    "fields": {
        "name": "Delete Vendor",
        "code": "can_delete_vendor",
        "app": "vendors"
    }
},
{
    "model": "users.permission",
    "pk": 43,
    "fields": {
        "name": " Manage User",
        "code": "can_manage_user",
        "app": "users"
    }
},
{
    "model": "users.permission",
    "pk": 45,
    "fields": {
        "name": "Create User",
        "code": "can_create_user",
        "app": "users"
    }
},
{
    "model": "users.permission",
    "pk": 46,
    "fields": {
        "name": "Modify User",
        "code": "can_modify_user",
        "app": "users"
    }
},
{
    "model": "users.permission",
    "pk": 47,
    "fields": {
        "name": "View User",
        "code": "can_view_user",
        "app": "users"
    }
},
{
    "model": "users.permission",
    "pk": 48,
    "fields": {
        "name": "Delete User",
        "code": "can_delete_user",
        "app": "users"
    }
},
{
    "model": "users.permission",
    "pk": 49,
    "fields": {
        "name": "Change User Permissions",
        "code": "can_change_user_permissions",
        "app": "users"
    }
},
{
    "model": "users.permission",
    "pk": 50,
    "fields": {
        "name": "Change Password",
        "code": "can_change_password",
        "app": "users"
    }
},
{
    "model": "users.permission",
    "pk": 51,
    "fields": {
        "name": "Create profile",
        "code": "can_create_profile",
        "app": "users"
    }
},
{
    "model": "users.permission",
    "pk": 52,
    "fields": {
        "name": "Modify profile",
        "code": "can_modify_profile",
        "app": "users"
    }
},
{
    "model": "users.permission",
    "pk": 53,
    "fields": {
        "name": "Create Collect Amount",
        "code": "can_create_collect_amount",
        "app": "sales"
    }
},
{
    "model": "users.permission",
    "pk": 54,
    "fields": {
        "name": "Modify Collect Amount",
        "code": "can_modify_collect_amount",
        "app": "sales"
    }
},
{
    "model": "users.permission",
    "pk": 55,
    "fields": {
        "name": "View Collect Amount",
        "code": "can_view_collect_amount",
        "app": "sales"
    }
},
{
    "model": "users.permission",
    "pk": 56,
    "fields": {
        "name": "Delete Collect Amount",
        "code": "can_delete_collect_amount",
        "app": "sales"
    }
},
{
    "model": "users.permission",
    "pk": 57,
    "fields": {
        "name": "Create Paid",
        "code": "can_create_paid",
        "app": "purchases"
    }
},
{
    "model": "users.permission",
    "pk": 58,
    "fields": {
        "name": "Modify Paid",
        "code": "can_modify_paid",
        "app": "purchases"
    }
},
{
    "model": "users.permission",
    "pk": 59,
    "fields": {
        "name": "View Paid",
        "code": "can_view_paid",
        "app": "purchases"
    }
},
{
    "model": "users.permission",
    "pk": 60,
    "fields": {
        "name": "Delete Paid",
        "code": "can_delete_paid",
        "app": "purchases"
    }
},
{
    "model": "users.permission",
    "pk": 61,
    "fields": {
        "name": "Manage Finance",
        "code": "can_manage_finance",
        "app": "finance"
    }
},
{
    "model": "users.permission",
    "pk": 62,
    "fields": {
        "name": "Create Bank Account",
        "code": "can_create_bank_account",
        "app": "finance"
    }
},
{
    "model": "users.permission",
    "pk": 63,
    "fields": {
        "name": "Modify Bank Account",
        "code": "can_modify_bank_account",
        "app": "finance"
    }
},
{
    "model": "users.permission",
    "pk": 64,
    "fields": {
        "name": "View Bank Account",
        "code": "can_view_bank_account",
        "app": "finance"
    }
},
{
    "model": "users.permission",
    "pk": 65,
    "fields": {
        "name": "Delete Bank Account",
        "code": "can_delete_bank_account",
        "app": "finance"
    }
},
{
    "model": "users.permission",
    "pk": 66,
    "fields": {
        "name": "Create Cash Account",
        "code": "can_create_cash_account",
        "app": "finance"
    }
},
{
    "model": "users.permission",
    "pk": 67,
    "fields": {
        "name": "Modify Cash Account",
        "code": "can_modify_cash_account",
        "app": "finance"
    }
},
{
    "model": "users.permission",
    "pk": 68,
    "fields": {
        "name": "View Cash Account",
        "code": "can_view_cash_account",
        "app": "finance"
    }
},
{
    "model": "users.permission",
    "pk": 69,
    "fields": {
        "name": "Delete Cash Account",
        "code": "can_delete_cash_account",
        "app": "finance"
    }
},
{
    "model": "users.permission",
    "pk": 70,
    "fields": {
        "name": "Create Income",
        "code": "can_create_income",
        "app": "finance"
    }
},
{
    "model": "users.permission",
    "pk": 71,
    "fields": {
        "name": "Modify Income",
        "code": "can_modify_income",
        "app": "finance"
    }
},
{
    "model": "users.permission",
    "pk": 72,
    "fields": {
        "name": "Delete Income",
        "code": "can_delete_income",
        "app": "finance"
    }
},
{
    "model": "users.permission",
    "pk": 73,
    "fields": {
        "name": "Create Expense",
        "code": "can_create_expense",
        "app": "finance"
    }
},
{
    "model": "users.permission",
    "pk": 74,
    "fields": {
        "name": "Modify Expense",
        "code": "can_modify_expense",
        "app": "finance"
    }
},
{
    "model": "users.permission",
    "pk": 75,
    "fields": {
        "name": "Delete Expense",
        "code": "can_delete_expense",
        "app": "finance"
    }
},
{
    "model": "users.permission",
    "pk": 76,
    "fields": {
        "name": "View Transaction",
        "code": "can_view_transaction",
        "app": "finance"
    }
},
{
    "model": "users.permission",
    "pk": 77,
    "fields": {
        "name": "Delete Transaction",
        "code": "can_delete_transaction",
        "app": "finance"
    }
},
{
    "model": "users.permission",
    "pk": 78,
    "fields": {
        "name": "Create Transaction Category",
        "code": "can_create_transaction_category",
        "app": "finance"
    }
},
{
    "model": "users.permission",
    "pk": 79,
    "fields": {
        "name": "Modify Transaction Category",
        "code": "can_modify_transaction_category",
        "app": "finance"
    }
},
{
    "model": "users.permission",
    "pk": 80,
    "fields": {
        "name": "View Transaction Category",
        "code": "can_view_transaction_category",
        "app": "finance"
    }
},
{
    "model": "users.permission",
    "pk": 81,
    "fields": {
        "name": "Delete Transaction Category",
        "code": "can_delete_transaction_category",
        "app": "finance"
    }
},
{
    "model": "users.permission",
    "pk": 82,
    "fields": {
        "name": "Create Staff Payment",
        "code": "can_create_staff_payment",
        "app": "finance"
    }
},
{
    "model": "users.permission",
    "pk": 83,
    "fields": {
        "name": "Modify Staff Paymentt",
        "code": "can_modify_staff_payment",
        "app": "finance"
    }
},
{
    "model": "users.permission",
    "pk": 84,
    "fields": {
        "name": "View Staff Payment",
        "code": "can_view_staff_payment",
        "app": "finance"
    }
},
{
    "model": "users.permission",
    "pk": 85,
    "fields": {
        "name": "Delete Staff Payment",
        "code": "can_delete_staff_payment",
        "app": "finance"
    }
},
{
    "model": "users.permission",
    "pk": 86,
    "fields": {
        "name": "Create Sale Return",
        "code": "can_create_sale_return",
        "app": "sales"
    }
},
{
    "model": "users.permission",
    "pk": 87,
    "fields": {
        "name": "Modify Sale Return",
        "code": "can_modify_sale_return",
        "app": "sales"
    }
},
{
    "model": "users.permission",
    "pk": 88,
    "fields": {
        "name": "View Sale Return",
        "code": "can_view_sale_return",
        "app": "sales"
    }
},
{
    "model": "users.permission",
    "pk": 89,
    "fields": {
        "name": "Delete Sale Return",
        "code": "can_delete_sale_return",
        "app": "sales"
    }
},
{
    "model": "users.permission",
    "pk": 90,
    "fields": {
        "name": "Create Damaged product",
        "code": "can_create_damaged_product",
        "app": "sales"
    }
},
{
    "model": "users.permission",
    "pk": 91,
    "fields": {
        "name": "Modify Damaged product",
        "code": "can_modify_damaged_product",
        "app": "sales"
    }
},
{
    "model": "users.permission",
    "pk": 92,
    "fields": {
        "name": "View Damaged product",
        "code": "can_view_damaged_product",
        "app": "sales"
    }
},
{
    "model": "users.permission",
    "pk": 93,
    "fields": {
        "name": "Delete Damaged product",
        "code": "can_delete_damaged_product",
        "app": "sales"
    }
},
{
    "model": "users.permission",
    "pk": 94,
    "fields": {
        "name": "Create Returnable Product",
        "code": "can_create_returnable_product",
        "app": "sales"
    }
},
{
    "model": "users.permission",
    "pk": 95,
    "fields": {
        "name": "Modify Returnable Product",
        "code": "can_modify_returnable_product",
        "app": "sales"
    }
},
{
    "model": "users.permission",
    "pk": 96,
    "fields": {
        "name": "View Returnable Product",
        "code": "can_view_returnable_product",
        "app": "sales"
    }
},
{
    "model": "users.permission",
    "pk": 97,
    "fields": {
        "name": "Delete Returnable Product",
        "code": "can_delete_returnable_product",
        "app": "sales"
    }
},
{
    "model": "users.permission",
    "pk": 98,
    "fields": {
        "name": "Create Customer Payment",
        "code": "can_create_customer_payment",
        "app": "sales"
    }
},
{
    "model": "users.permission",
    "pk": 99,
    "fields": {
        "name": "Modify Customer Payment",
        "code": "can_modify_customer_payment",
        "app": "sales"
    }
},
{
    "model": "users.permission",
    "pk": 100,
    "fields": {
        "name": "View Customer Payment",
        "code": "can_view_customer_payment",
        "app": "sales"
    }
},
{
    "model": "users.permission",
    "pk": 101,
    "fields": {
        "name": "Delete Customer Payment",
        "code": "can_delete_customer_payment",
        "app": "sales"
    }
},
{
    "model": "users.permission",
    "pk": 102,
    "fields": {
        "name": "Create Product Return",
        "code": "can_create_product_return",
        "app": "sales"
    }
},
{
    "model": "users.permission",
    "pk": 103,
    "fields": {
        "name": "Modify Product Return",
        "code": "can_modify_product_return",
        "app": "sales"
    }
},
{
    "model": "users.permission",
    "pk": 104,
    "fields": {
        "name": "View Product Return",
        "code": "can_view_product_return",
        "app": "sales"
    }
},
{
    "model": "users.permission",
    "pk": 105,
    "fields": {
        "name": "Delete Product Return",
        "code": "can_delete_product_return",
        "app": "sales"
    }
},
{
    "model": "users.permission",
    "pk": 106,
    "fields": {
        "name": "Create Collect Amounts",
        "code": "can_create_collect_amounts",
        "app": "purchases"
    }
},
{
    "model": "users.permission",
    "pk": 107,
    "fields": {
        "name": "Modify Collect Amounts",
        "code": "can_modify_collect_amounts",
        "app": "purchases"
    }
},
{
    "model": "users.permission",
    "pk": 108,
    "fields": {
        "name": "View Collect Amounts",
        "code": "can_view_collect_amounts",
        "app": "purchases"
    }
},
{
    "model": "users.permission",
    "pk": 109,
    "fields": {
        "name": "Delete Collect Amounts",
        "code": "can_delete_collect_amounts",
        "app": "purchases"
    }
},
{
    "model": "users.permission",
    "pk": 110,
    "fields": {
        "name": "Create Sub Category",
        "code": "can_create_subcategory",
        "app": "products"
    }
},
{
    "model": "users.permission",
    "pk": 111,
    "fields": {
        "name": "Modify Sub Category",
        "code": "can_modify_subcategory",
        "app": "products"
    }
},
{
    "model": "users.permission",
    "pk": 112,
    "fields": {
        "name": "View Sub Category",
        "code": "can_view_subcategory",
        "app": "products"
    }
},
{
    "model": "users.permission",
    "pk": 113,
    "fields": {
        "name": "Delete Sub Category",
        "code": "can_delete_subcategory",
        "app": "products"
    }
},
{
    "model": "users.permission",
    "pk": 114,
    "fields": {
        "name": "Create Brand",
        "code": "can_create_brand",
        "app": "products"
    }
},
{
    "model": "users.permission",
    "pk": 115,
    "fields": {
        "name": "Modify Brand",
        "code": "can_modify_brand",
        "app": "products"
    }
},
{
    "model": "users.permission",
    "pk": 116,
    "fields": {
        "name": "View Brand",
        "code": "can_view_brand",
        "app": "products"
    }
},
{
    "model": "users.permission",
    "pk": 117,
    "fields": {
        "name": "Delete Brand",
        "code": "can_delete_brand",
        "app": "products"
    }
},
{
    "model": "users.permission",
    "pk": 118,
    "fields": {
        "name": "Create Purchase Invoice",
        "code": "can_create_purchase_invoice",
        "app": "purchases"
    }
},
{
    "model": "users.permission",
    "pk": 119,
    "fields": {
        "name": "Modify Purchase Invoice",
        "code": "can_modify_purchase_invoice",
        "app": "purchases"
    }
},
{
    "model": "users.permission",
    "pk": 120,
    "fields": {
        "name": "View Purchase Invoice",
        "code": "can_view_purchase_invoice",
        "app": "purchases"
    }
},
{
    "model": "users.permission",
    "pk": 121,
    "fields": {
        "name": "Delete Purchase Invoice",
        "code": "can_delete_purchase_invoice",
        "app": "purchases"
    }
},
{
    "model": "users.permission",
    "pk": 122,
    "fields": {
        "name": "Create Tax Category",
        "code": "can_create_tax_category",
        "app": "finance"
    }
},
{
    "model": "users.permission",
    "pk": 123,
    "fields": {
        "name": "Modify Tax Category",
        "code": "can_modify_tax_category",
        "app": "finance"
    }
},
{
    "model": "users.permission",
    "pk": 124,
    "fields": {
        "name": "View Tax Category",
        "code": "can_view_tax_category",
        "app": "finance"
    }
},
{
    "model": "users.permission",
    "pk": 125,
    "fields": {
        "name": "Delete Tax Category",
        "code": "can_delete_tax_category",
        "app": "finance"
    }
},
{
    "model": "users.permission",
    "pk": 126,
    "fields": {
        "name": "Manage Web",
        "code": "can_manage_web",
        "app": "web"
    }
},
{
    "model": "users.permission",
    "pk": 127,
    "fields": {
        "name": "Create About",
        "code": "can_create_about",
        "app": "web"
    }
},
{
    "model": "users.permission",
    "pk": 128,
    "fields": {
        "name": "Modify About",
        "code": "can_modify_about",
        "app": "web"
    }
},
{
    "model": "users.permission",
    "pk": 129,
    "fields": {
        "name": "View About",
        "code": "can_view_about",
        "app": "web"
    }
},
{
    "model": "users.permission",
    "pk": 130,
    "fields": {
        "name": "Delete About",
        "code": "can_delete_about",
        "app": "web"
    }
},
{
    "model": "users.permission",
    "pk": 131,
    "fields": {
        "name": "Create Product Category",
        "code": "can_create_product_category",
        "app": "web"
    }
},
{
    "model": "users.permission",
    "pk": 132,
    "fields": {
        "name": "Modify Product Category",
        "code": "can_modify_product_category",
        "app": "web"
    }
},
{
    "model": "users.permission",
    "pk": 133,
    "fields": {
        "name": "View Product Category",
        "code": "can_view_product_category",
        "app": "web"
    }
},
{
    "model": "users.permission",
    "pk": 134,
    "fields": {
        "name": "Delete Product Category",
        "code": "can_delete_product_category",
        "app": "web"
    }
},
{
    "model": "users.permission",
    "pk": 135,
    "fields": {
        "name": "Create Offer",
        "code": "can_create_offer",
        "app": "web"
    }
},
{
    "model": "users.permission",
    "pk": 136,
    "fields": {
        "name": "Modify Offer",
        "code": "can_modify_offer",
        "app": "web"
    }
},
{
    "model": "users.permission",
    "pk": 137,
    "fields": {
        "name": "View Offer",
        "code": "can_view_offer",
        "app": "web"
    }
},
{
    "model": "users.permission",
    "pk": 138,
    "fields": {
        "name": "Delete Offer",
        "code": "can_delete_offer",
        "app": "web"
    }
},
{
    "model": "users.permission",
    "pk": 139,
    "fields": {
        "name": "Create Offer",
        "code": "can_create_web_product",
        "app": "web"
    }
},
{
    "model": "users.permission",
    "pk": 140,
    "fields": {
        "name": "Modify Offer",
        "code": "can_modify_web_product",
        "app": "web"
    }
},
{
    "model": "users.permission",
    "pk": 141,
    "fields": {
        "name": "View Offer",
        "code": "can_view_web_product",
        "app": "web"
    }
},
{
    "model": "users.permission",
    "pk": 142,
    "fields": {
        "name": "Delete Offer",
        "code": "can_delete_web_product",
        "app": "web"
    }
},
{
    "model": "users.permission",
    "pk": 143,
    "fields": {
        "name": "Create Asset",
        "code": "can_create_asset_purchase",
        "app": "purchases"
    }
},
{
    "model": "users.permission",
    "pk": 144,
    "fields": {
        "name": "Modify Asset",
        "code": "can_modify_asset_purchase",
        "app": "purchases"
    }
},
{
    "model": "users.permission",
    "pk": 145,
    "fields": {
        "name": "View Asset",
        "code": "can_view_asset_purchase",
        "app": "purchases"
    }
},
{
    "model": "users.permission",
    "pk": 146,
    "fields": {
        "name": "Delete Asset",
        "code": "can_delete_asset_purchase",
        "app": "purchases"
    }
},
{
    "model": "users.permission",
    "pk": 147,
    "fields": {
        "name": "Manage Task",
        "code": "can_manage_task",
        "app": "tasks"
    }
},
{
    "model": "users.permission",
    "pk": 148,
    "fields": {
        "name": "Create Task",
        "code": "can_create_task",
        "app": "tasks"
    }
},
{
    "model": "users.permission",
    "pk": 149,
    "fields": {
        "name": "Modify Task",
        "code": "can_modify_task",
        "app": "tasks"
    }
},
{
    "model": "users.permission",
    "pk": 150,
    "fields": {
        "name": "View Task",
        "code": "can_view_task",
        "app": "tasks"
    }
},
{
    "model": "users.permission",
    "pk": 151,
    "fields": {
        "name": "Delete Task",
        "code": "can_delete_task",
        "app": "tasks"
    }
},
{
    "model": "users.permission",
    "pk": 152,
    "fields": {
        "name": "Create Reminder",
        "code": "can_create_reminder",
        "app": "tasks"
    }
},
{
    "model": "users.permission",
    "pk": 153,
    "fields": {
        "name": "Modify Reminder",
        "code": "can_modify_reminder",
        "app": "tasks"
    }
},
{
    "model": "users.permission",
    "pk": 154,
    "fields": {
        "name": "View Reminder",
        "code": "can_view_reminder",
        "app": "tasks"
    }
},
{
    "model": "users.permission",
    "pk": 155,
    "fields": {
        "name": "Delete Reminder",
        "code": "can_delete_reminder",
        "app": "tasks"
    }
},
{
    "model": "users.permission",
    "pk": 156,
    "fields": {
        "name": "Create Anniversary",
        "code": "can_create_anniversary",
        "app": "tasks"
    }
},
{
    "model": "users.permission",
    "pk": 157,
    "fields": {
        "name": "Modify Anniversary",
        "code": "can_modify_anniversary",
        "app": "tasks"
    }
},
{
    "model": "users.permission",
    "pk": 158,
    "fields": {
        "name": "View Anniversary",
        "code": "can_view_anniversary",
        "app": "tasks"
    }
},
{
    "model": "users.permission",
    "pk": 159,
    "fields": {
        "name": "Delete Anniversary",
        "code": "can_delete_anniversary",
        "app": "tasks"
    }
},
{
    "model": "users.permission",
    "pk": 160,
    "fields": {
        "name": "Create Holiday",
        "code": "can_create_holiday",
        "app": "tasks"
    }
},
{
    "model": "users.permission",
    "pk": 161,
    "fields": {
        "name": "Modify Holiday",
        "code": "can_modify_holiday",
        "app": "tasks"
    }
},
{
    "model": "users.permission",
    "pk": 162,
    "fields": {
        "name": "View Holiday",
        "code": "can_view_holiday",
        "app": "tasks"
    }
},
{
    "model": "users.permission",
    "pk": 163,
    "fields": {
        "name": "Delete Holiday",
        "code": "can_delete_holiday",
        "app": "tasks"
    }
},
{
    "model": "users.permission",
    "pk": 164,
    "fields": {
        "name": "View Events",
        "code": "can_view_event",
        "app": "tasks"
    }
},
{
    "model": "users.permission",
    "pk": 165,
    "fields": {
        "name": "Manage Distributor",
        "code": "can_manage_distributor",
        "app": "distributors"
    }
},
{
    "model": "users.permission",
    "pk": 166,
    "fields": {
        "name": "Create Distributor",
        "code": "can_create_distributor",
        "app": "distributors"
    }
},
{
    "model": "users.permission",
    "pk": 167,
    "fields": {
        "name": "Modify Distributor",
        "code": "can_modify_distributor",
        "app": "distributors"
    }
},
{
    "model": "users.permission",
    "pk": 168,
    "fields": {
        "name": "View Distributor",
        "code": "can_view_distributor",
        "app": "distributors"
    }
},
{
    "model": "users.permission",
    "pk": 169,
    "fields": {
        "name": "Delete Distributor",
        "code": "can_delete_distributor",
        "app": "distributors"
    }
},
{
    "model": "users.permission",
    "pk": 170,
    "fields": {
        "name": "Create Cash Transfer",
        "code": "can_create_cash_transfer",
        "app": "finance"
    }
},
{
    "model": "users.permission",
    "pk": 171,
    "fields": {
        "name": "Modify Cash Transfer",
        "code": "can_modify_cash_transfer",
        "app": "finance"
    }
},
{
    "model": "users.permission",
    "pk": 172,
    "fields": {
        "name": "View Cash Transfer",
        "code": "can_view_cash_transfer",
        "app": "finance"
    }
},
{
    "model": "users.permission",
    "pk": 173,
    "fields": {
        "name": "Delete Cash Transfer",
        "code": "can_delete_cash_transfer",
        "app": "finance"
    }
},
{
    "model": "customers.customer",
    "pk": "3510508e-17d0-40b4-a5f9-eb02ca5bd108",
    "fields": {
        "auto_id": 6,
        "creator": 32,
        "updater": 32,
        "date_added": "2022-07-27T10:50:15.524Z",
        "date_updated": "2022-07-27T10:50:15.524Z",
        "is_deleted": false,
        "user": 32,
        "email": null,
        "name": "ramshid",
        "phone": "9544334756",
        "otp": "4856",
        "password": "gAAAAABi4RhnGqNCZ-t2HMxmO0UgvZhYFfOBG3yZr2DsmiMPnIxMoOt_rPmOgr4rh_OebIvqw5ovAhQT58uRsQbznBOYgz2KkQ==",
        "last_name": null,
        "image": ""
    }
},
{
    "model": "customers.customer",
    "pk": "55e17d92-5ef1-4223-93fe-f1d436c74f8f",
    "fields": {
        "auto_id": 5,
        "creator": 31,
        "updater": 31,
        "date_added": "2022-07-22T05:03:09.506Z",
        "date_updated": "2022-07-22T05:03:09.506Z",
        "is_deleted": false,
        "user": 31,
        "email": null,
        "name": "Rosmin",
        "phone": "8111820995",
        "otp": "2130",
        "password": "gAAAAABi2i-Nh_doUXoe0shUoNG8wPg2umR5XK4EhC7xOqJDU8pjOhPwSViP2CsoOYWS7Hl5-ge_-gxgAh41-epIhqLiOQayvg==",
        "last_name": null,
        "image": ""
    }
},
{
    "model": "customers.customer",
    "pk": "69456fc4-5d25-43f1-beed-48402ad2ead1",
    "fields": {
        "auto_id": 1,
        "creator": 26,
        "updater": 26,
        "date_added": "2022-07-21T12:36:39.512Z",
        "date_updated": "2022-07-21T12:36:39.512Z",
        "is_deleted": false,
        "user": 26,
        "email": "mnaseefklpm@gmail.com",
        "name": null,
        "phone": "7034513604",
        "otp": "8194",
        "password": "gAAAAABi2UhXESixSz9ld6ZfewjkiPtYUx8LUED6PiowXPSn5Tni-EVkJ7ufFx0jBxSPMXMRxTlhwk6ig7t_2N9vVrskV_N5Gg==",
        "last_name": null,
        "image": ""
    }
},
{
    "model": "customers.customer",
    "pk": "b29e7a87-27bb-4cd5-9be7-21bc01d9e898",
    "fields": {
        "auto_id": 3,
        "creator": 28,
        "updater": 28,
        "date_added": "2022-07-21T13:17:51.781Z",
        "date_updated": "2022-07-21T13:17:51.781Z",
        "is_deleted": false,
        "user": 28,
        "email": null,
        "name": "akbar",
        "phone": "8848461110",
        "otp": "8055",
        "password": "gAAAAABi2VH_WUSAdBYKSVTHeUAOhtVyBS4Y57M5BzjKF61S64pTmq_5Ny63AQOI4npMgzMqt0q4_ytX0vAcsIyydW2VB5IrNg==",
        "last_name": null,
        "image": ""
    }
},
{
    "model": "customers.customeraddress",
    "pk": "45f265f3-a2a3-48ed-a44d-431b8c370670",
    "fields": {
        "date_added": "2022-07-27T11:02:25.281Z",
        "is_deleted": false,
        "customer": "3510508e-17d0-40b4-a5f9-eb02ca5bd108",
        "name": "ramshid",
        "address_line1": "kanalaukunnu",
        "phone": "9544334756",
        "pincode": "673586",
        "street": "kanalaukunnu",
        "city": "calicut",
        "landmark": "r",
        "state": "karala",
        "address_type": "home",
        "is_default": true
    }
},
{
    "model": "customers.customeraddress",
    "pk": "72b0b2c0-9259-4637-a53b-353cf32ab8e7",
    "fields": {
        "date_added": "2022-07-27T10:50:38.709Z",
        "is_deleted": false,
        "customer": "3510508e-17d0-40b4-a5f9-eb02ca5bd108",
        "name": "ramshid",
        "address_line1": "kanalaukunnu",
        "phone": "9544334756",
        "pincode": "673586",
        "street": "kanalaukunnu",
        "city": "calicut",
        "landmark": "ddd",
        "state": "karala",
        "address_type": "home",
        "is_default": false
    }
},
{
    "model": "customers.otp",
    "pk": 1,
    "fields": {
        "phone": "9061871595",
        "otp": "6192"
    }
},
{
    "model": "customers.otp",
    "pk": 2,
    "fields": {
        "phone": "6238144282",
        "otp": "0651"
    }
},
{
    "model": "customers.otp",
    "pk": 3,
    "fields": {
        "phone": "8111820995",
        "otp": "2130"
    }
},
{
    "model": "customers.otp",
    "pk": 5,
    "fields": {
        "phone": "7510375342",
        "otp": "3723"
    }
},
{
    "model": "customers.otp",
    "pk": 6,
    "fields": {
        "phone": "7025506827",
        "otp": "4894"
    }
},
{
    "model": "customers.otp",
    "pk": 7,
    "fields": {
        "phone": "8589998009",
        "otp": "9812"
    }
},
{
    "model": "customers.otp",
    "pk": 8,
    "fields": {
        "phone": "6380728371",
        "otp": "8835"
    }
},
{
    "model": "customers.otp",
    "pk": 11,
    "fields": {
        "phone": "9544668210",
        "otp": "6426"
    }
},
{
    "model": "customers.otp",
    "pk": 12,
    "fields": {
        "phone": "8129313018",
        "otp": "1419"
    }
},
{
    "model": "customers.otp",
    "pk": 13,
    "fields": {
        "phone": "8589998001",
        "otp": "8309"
    }
},
{
    "model": "customers.otp",
    "pk": 14,
    "fields": {
        "phone": "8330828298",
        "otp": "4291"
    }
},
{
    "model": "customers.otp",
    "pk": 15,
    "fields": {
        "phone": "0606876056",
        "otp": "9696"
    }
},
{
    "model": "customers.otp",
    "pk": 16,
    "fields": {
        "phone": "9645900515",
        "otp": "6217"
    }
},
{
    "model": "customers.otp",
    "pk": 17,
    "fields": {
        "phone": "9526347677",
        "otp": "3188"
    }
},
{
    "model": "customers.otp",
    "pk": 18,
    "fields": {
        "phone": "8606876056",
        "otp": "9867"
    }
},
{
    "model": "customers.otp",
    "pk": 19,
    "fields": {
        "phone": "8592057337",
        "otp": "8535"
    }
},
{
    "model": "customers.otp",
    "pk": 20,
    "fields": {
        "phone": "7907254388",
        "otp": "4811"
    }
},
{
    "model": "customers.otp",
    "pk": 21,
    "fields": {
        "phone": "9544334756",
        "otp": "3525"
    }
},
{
    "model": "customers.otp",
    "pk": 23,
    "fields": {
        "phone": "8281824161",
        "otp": "8313"
    }
},
{
    "model": "customers.otp",
    "pk": 25,
    "fields": {
        "phone": "9645610967",
        "otp": "0121"
    }
},
{
    "model": "customers.otp",
    "pk": 31,
    "fields": {
        "phone": "7025236025",
        "otp": "8043"
    }
},
{
    "model": "customers.otp",
    "pk": 34,
    "fields": {
        "phone": "8589998005",
        "otp": "4525"
    }
},
{
    "model": "customers.otp",
    "pk": 36,
    "fields": {
        "phone": "8089426755",
        "otp": "0524"
    }
},
{
    "model": "customers.otp",
    "pk": 37,
    "fields": {
        "phone": "7736001555",
        "otp": "3684"
    }
},
{
    "model": "customers.otp",
    "pk": 38,
    "fields": {
        "phone": "9747964072",
        "otp": "9208"
    }
},
{
    "model": "customers.otp",
    "pk": 39,
    "fields": {
        "phone": "7034513604",
        "otp": "5923"
    }
},
{
    "model": "customers.otp",
    "pk": 40,
    "fields": {
        "phone": "8589998000",
        "otp": "7350"
    }
},
{
    "model": "customers.otp",
    "pk": 41,
    "fields": {
        "phone": "8111820992",
        "otp": "7625"
    }
},
{
    "model": "customers.otp",
    "pk": 42,
    "fields": {
        "phone": "9207697719",
        "otp": "3361"
    }
},
{
    "model": "customers.otp",
    "pk": 43,
    "fields": {
        "phone": "1234567890",
        "otp": "5091"
    }
},
{
    "model": "customers.otp",
    "pk": 44,
    "fields": {
        "phone": "1234509876",
        "otp": "2074"
    }
},
{
    "model": "customers.otp",
    "pk": 45,
    "fields": {
        "phone": "1122334455",
        "otp": "4722"
    }
},
{
    "model": "customers.otp",
    "pk": 46,
    "fields": {
        "phone": "1233214567",
        "otp": "2077"
    }
},
{
    "model": "customers.otp",
    "pk": 47,
    "fields": {
        "phone": "0987654321",
        "otp": "0319"
    }
},
{
    "model": "customers.otp",
    "pk": 48,
    "fields": {
        "phone": "8848053084",
        "otp": "2693"
    }
},
{
    "model": "customers.otp",
    "pk": 49,
    "fields": {
        "phone": "5432167890",
        "otp": "4121"
    }
},
{
    "model": "customers.otp",
    "pk": 50,
    "fields": {
        "phone": "8848461110",
        "otp": "8055"
    }
},
{
    "model": "customers.otpmail",
    "pk": 1,
    "fields": {
        "email": "Nanja@hh.co",
        "otp": "8497"
    }
},
{
    "model": "customers.otpmail",
    "pk": 2,
    "fields": {
        "email": "rosminanto1@gmail.com",
        "otp": "3815"
    }
},
{
    "model": "customers.otpmail",
    "pk": 3,
    "fields": {
        "email": "rosminanto@gmail.com",
        "otp": "6015"
    }
},
{
    "model": "customers.otpmail",
    "pk": 4,
    "fields": {
        "email": "aliramshid@gmail.com",
        "otp": "9614"
    }
},
{
    "model": "customers.otpmail",
    "pk": 5,
    "fields": {
        "email": "aamir@tegain.com",
        "otp": "2502"
    }
},
{
    "model": "customers.moments",
    "pk": 268,
    "fields": {
        "name": "kkp",
        "date": "2022-07-31",
        "customer": "69456fc4-5d25-43f1-beed-48402ad2ead1",
        "date_added": "2022-07-21T12:38:05.268Z"
    }
},
{
    "model": "customers.moments",
    "pk": 269,
    "fields": {
        "name": "kkp",
        "date": "2022-07-31",
        "customer": "69456fc4-5d25-43f1-beed-48402ad2ead1",
        "date_added": "2022-07-21T12:44:35.579Z"
    }
},
{
    "model": "customers.moments",
    "pk": 270,
    "fields": {
        "name": "kkp",
        "date": "2022-07-31",
        "customer": "69456fc4-5d25-43f1-beed-48402ad2ead1",
        "date_added": "2022-07-21T12:47:16.929Z"
    }
},
{
    "model": "customers.moments",
    "pk": 271,
    "fields": {
        "name": "kkp",
        "date": "2022-07-31",
        "customer": "69456fc4-5d25-43f1-beed-48402ad2ead1",
        "date_added": "2022-07-21T12:54:24.015Z"
    }
},
{
    "model": "customers.moments",
    "pk": 272,
    "fields": {
        "name": "kkp",
        "date": "2022-07-31",
        "customer": "69456fc4-5d25-43f1-beed-48402ad2ead1",
        "date_added": "2022-07-21T12:57:04.181Z"
    }
},
{
    "model": "customers.moments",
    "pk": 273,
    "fields": {
        "name": "kkp",
        "date": "2022-07-31",
        "customer": "69456fc4-5d25-43f1-beed-48402ad2ead1",
        "date_added": "2022-07-21T12:58:18.784Z"
    }
},
{
    "model": "customers.moments",
    "pk": 274,
    "fields": {
        "name": "kkp",
        "date": "2022-07-31",
        "customer": "69456fc4-5d25-43f1-beed-48402ad2ead1",
        "date_added": "2022-07-21T12:58:42.107Z"
    }
},
{
    "model": "customers.moments",
    "pk": 275,
    "fields": {
        "name": "kkp",
        "date": "2022-07-31",
        "customer": "69456fc4-5d25-43f1-beed-48402ad2ead1",
        "date_added": "2022-07-21T13:00:14.195Z"
    }
},
{
    "model": "customers.moments",
    "pk": 276,
    "fields": {
        "name": "kkp",
        "date": "2022-07-31",
        "customer": "69456fc4-5d25-43f1-beed-48402ad2ead1",
        "date_added": "2022-07-21T13:02:25.898Z"
    }
},
{
    "model": "customers.moments",
    "pk": 277,
    "fields": {
        "name": "kkp",
        "date": "2022-07-31",
        "customer": "69456fc4-5d25-43f1-beed-48402ad2ead1",
        "date_added": "2022-07-21T13:06:10.613Z"
    }
},
{
    "model": "customers.moments",
    "pk": 278,
    "fields": {
        "name": "kkp",
        "date": "2022-07-31",
        "customer": "69456fc4-5d25-43f1-beed-48402ad2ead1",
        "date_added": "2022-07-21T13:06:30.662Z"
    }
},
{
    "model": "customers.moments",
    "pk": 279,
    "fields": {
        "name": "6g6",
        "date": "2022-07-31",
        "customer": "3510508e-17d0-40b4-a5f9-eb02ca5bd108",
        "date_added": "2022-07-27T12:39:30.891Z"
    }
},
{
    "model": "customers.moments",
    "pk": 280,
    "fields": {
        "name": "you",
        "date": "2022-07-15",
        "customer": "3510508e-17d0-40b4-a5f9-eb02ca5bd108",
        "date_added": "2022-07-27T13:03:34.221Z"
    }
},
{
    "model": "customers.deliverydatetemp",
    "pk": 172,
    "fields": {
        "date": "2022-07-27",
        "customer": "69456fc4-5d25-43f1-beed-48402ad2ead1"
    }
},
{
    "model": "customers.deliverydatetemp",
    "pk": 173,
    "fields": {
        "date": "2022-07-27",
        "customer": "3510508e-17d0-40b4-a5f9-eb02ca5bd108"
    }
},
{
    "model": "customers.deliverydatetemp",
    "pk": 174,
    "fields": {
        "date": "2022-07-27",
        "customer": "55e17d92-5ef1-4223-93fe-f1d436c74f8f"
    }
},
{
    "model": "customers.deliverydatetemp",
    "pk": 175,
    "fields": {
        "date": "2022-07-27",
        "customer": "69456fc4-5d25-43f1-beed-48402ad2ead1"
    }
},
{
    "model": "customers.deliverydatetemp",
    "pk": 176,
    "fields": {
        "date": "2022-07-27",
        "customer": "b29e7a87-27bb-4cd5-9be7-21bc01d9e898"
    }
},
{
    "model": "customers.deliverydatetemp",
    "pk": 177,
    "fields": {
        "date": "2022-07-28",
        "customer": "3510508e-17d0-40b4-a5f9-eb02ca5bd108"
    }
},
{
    "model": "customers.deliverydatetemp",
    "pk": 178,
    "fields": {
        "date": "2022-07-28",
        "customer": "3510508e-17d0-40b4-a5f9-eb02ca5bd108"
    }
},
{
    "model": "orders.order",
    "pk": "5122a4cc-661b-48a5-9d86-07ffb21cceb1",
    "fields": {
        "auto_id": 2,
        "creator": 32,
        "updater": 32,
        "date_added": "2022-07-27T11:02:36.590Z",
        "date_updated": "2022-07-26T18:30:00Z",
        "is_deleted": false,
        "billing_name": "ramshid",
        "billing_phone": "9544334756",
        "billing_address": "kanalaukunnu",
        "billing_street": "",
        "billing_landmark": "",
        "billing_city": "calicut",
        "billing_state": "karala",
        "pincode": "673586",
        "discount": "0.00",
        "customer": "3510508e-17d0-40b4-a5f9-eb02ca5bd108",
        "order_status": "50",
        "total_amt": "950.18",
        "payment_method": "upi",
        "payment_status": "",
        "delivery_agent": null,
        "card_name": null,
        "card_number": null,
        "transaction_id": "pay_JyMo5BWB9AV6mK",
        "payment_order_id": "order_JyMnqFDzZhAwDi",
        "delivery_date": null,
        "courier_service_charge": 10,
        "sac_code": "0eb6a30a-de07-4131-b5c6-e52ae166906f",
        "invoice_id": "DT2223/0002",
        "tax_price": "0.00"
    }
},
{
    "model": "orders.order",
    "pk": "f24c02b9-979e-4ad8-9ef3-ff7c722b7929",
    "fields": {
        "auto_id": 1,
        "creator": 32,
        "updater": 32,
        "date_added": "2022-07-27T10:50:50.881Z",
        "date_updated": "2022-07-26T18:30:00Z",
        "is_deleted": false,
        "billing_name": "ramshid",
        "billing_phone": "9544334756",
        "billing_address": "kanalaukunnu",
        "billing_street": "",
        "billing_landmark": "",
        "billing_city": "calicut",
        "billing_state": "karala",
        "pincode": "673586",
        "discount": "0.00",
        "customer": "3510508e-17d0-40b4-a5f9-eb02ca5bd108",
        "order_status": "30",
        "total_amt": "4999.02",
        "payment_method": "upi",
        "payment_status": "",
        "delivery_agent": null,
        "card_name": null,
        "card_number": null,
        "transaction_id": "pay_JyMbdu358YRCxu",
        "payment_order_id": "order_JyMbPsZhqfIuNb",
        "delivery_date": null,
        "courier_service_charge": 0,
        "sac_code": "7fa66d2c-feac-4133-a786-b249c66b4439",
        "invoice_id": "DT2223/0001",
        "tax_price": "0.00"
    }
},
{
    "model": "orders.orderitem",
    "pk": "79b64fa5-29d0-4308-9eb4-01d301c23766",
    "fields": {
        "date_added": "2022-07-27T10:50:50.892Z",
        "is_deleted": false,
        "product_variant": "59b021ab-128d-4fcd-a5d7-ec7197611e41",
        "qty": null,
        "price": "4999.00",
        "order": "f24c02b9-979e-4ad8-9ef3-ff7c722b7929"
    }
},
{
    "model": "orders.orderitem",
    "pk": "9df662b0-3f8e-4f39-ab80-dad22ff7fab0",
    "fields": {
        "date_added": "2022-07-27T11:02:36.596Z",
        "is_deleted": false,
        "product_variant": "852f7d79-99d2-40ef-8254-7bf934fb447e",
        "qty": null,
        "price": "950.00",
        "order": "5122a4cc-661b-48a5-9d86-07ffb21cceb1"
    }
},
{
    "model": "orders.orderstatus",
    "pk": 104,
    "fields": {
        "status": "10",
        "order": "f24c02b9-979e-4ad8-9ef3-ff7c722b7929",
        "date": "2022-07-27T10:50:50.900Z"
    }
},
{
    "model": "orders.orderstatus",
    "pk": 105,
    "fields": {
        "status": "10",
        "order": "5122a4cc-661b-48a5-9d86-07ffb21cceb1",
        "date": "2022-07-27T11:02:36.601Z"
    }
},
{
    "model": "orders.orderstatus",
    "pk": 106,
    "fields": {
        "status": "20",
        "order": "5122a4cc-661b-48a5-9d86-07ffb21cceb1",
        "date": "2022-07-27T12:10:19.189Z"
    }
},
{
    "model": "orders.orderstatus",
    "pk": 107,
    "fields": {
        "status": "30",
        "order": "5122a4cc-661b-48a5-9d86-07ffb21cceb1",
        "date": "2022-07-27T12:10:37.772Z"
    }
},
{
    "model": "orders.orderstatus",
    "pk": 108,
    "fields": {
        "status": "40",
        "order": "5122a4cc-661b-48a5-9d86-07ffb21cceb1",
        "date": "2022-07-27T12:11:57.551Z"
    }
},
{
    "model": "orders.orderstatus",
    "pk": 109,
    "fields": {
        "status": "50",
        "order": "5122a4cc-661b-48a5-9d86-07ffb21cceb1",
        "date": "2022-07-27T12:12:01.488Z"
    }
},
{
    "model": "orders.orderstatus",
    "pk": 110,
    "fields": {
        "status": "20",
        "order": "f24c02b9-979e-4ad8-9ef3-ff7c722b7929",
        "date": "2022-07-27T12:17:19.960Z"
    }
},
{
    "model": "orders.orderstatus",
    "pk": 111,
    "fields": {
        "status": "30",
        "order": "f24c02b9-979e-4ad8-9ef3-ff7c722b7929",
        "date": "2022-07-27T12:17:31.335Z"
    }
}
]
